invoice_id,invoice_date,country,branch_code,customer_id,customer_name,line_type,sku_or_service_code,qty_or_hours,unit_price,reason_parse_fail,reason_coherence_fail,reason_id_fail
,2025-05-07,PE,PE-ARE-01,CUST-0007547,Rock & Drill Inc.,MACHINE,BLD-D6R,3,83434.68,False,False,True
INV-US-2026-FORCE-00011,05-25-2025,US,US-MIA-01,CUST-0001056,"Minera, Norte SpA",PARTS,PART-BRK-11,13,16949.09,True,False,True
,2025-02-18,US,US-MIA-01,CUST-0005673,Canteras Oriente,MACHINE,WHL-950H,6,378284.0,False,False,True
,2025-11-18,MX,MX-MTY-01,CUST-0002325,Grupo Cantera SA,MACHINE,BLD-D6R,13,842967.03,False,False,True
,2025-11-23,US,US-MIA-01,CUST-0008642,StoneWorks LLC,SERVICE,SV-INSPECT-02,0.75,53.54,False,False,True
,2026-03-12,US,US-MIA-01,CUST-0009886,Constructora del Pacífico,PARTS,PART-ENG-99,12,1021.68,False,False,True
,2025-05-11,AR,AR-BUE-01,CUST-0002507,West Quarry Co.,SERVICE,SV-ONSITE-08,-3,174.17,False,False,True
INV-AR-2026-FORCE-00003,2026-13-40,AR,AR-BUE-01,CUST-0004197,Servicios Andinos,SERVICE,SV-TRAIN-01,40,226.72,True,False,True
INV-US-2026-FORCE-00019,2025-01-22,US,US-MIA-01,CUST-0008545,Rock & Drill Inc.,MACHINE,EXC-320D,-3,9999999,False,False,True
,2025-11-18,PE,PE-ARE-01,CUST-0007375,Minería del Sur,SERVICE,SV-MAINT-03,4,37.55,False,False,True
,2025-03-02,CO,CO-BOG-01,CUST-0002486,Grupo Cantera SA,SERVICE,SV-INSPECT-02,1,224.86,False,False,True
,2025-04-23,US,US-MIA-01,CUST-0008689,Andes Mining SpA,SERVICE,SV-MAINT-03,3,206.31,False,False,True
,2025-12-18,CO,CO-MED-01,CUST-0001979,Andes Mining SpA,SERVICE,SV-TRAIN-01,16,34.94,False,False,True
,2025-05-05,CL,CL-SCL-01,CUST-0009001,Servicios Andinos,PARTS,PART-BRK-11,2,8755.64,False,False,True
,2025-03-18,CL,CL-SCL-01,CUST-0005872,Grupo Cantera SA,SERVICE,SV-TRAIN-01,0.5,203.58,False,False,True
,2025-11-07,MX,MX-MTY-01,CUST-0003934,Delta Obras,PARTS,PART-HYD-07,9,3460.11,False,False,True
,2025-10-30,CL,CL-ANT-01,CUST-0001669,Obras Sierra,SERVICE,SV-TRAIN-01,12,37.07,False,False,True
,2026-03-19,MX,MX-MTY-01,CUST-0002868,Servicios Andinos,PARTS,PART-HYD-07,7,14327.32,False,False,True
,2025-02-03,AR,AR-BUE-01,CUST-0002817,Constructora del Pacífico,SERVICE,SV-INSPECT-02,0.5,243.23,False,False,True
,2025-05-31,CL,CL-SCL-01,CUST-0001159,Grupo Cantera SA,PARTS,PART-HYD-07,10,11279.71,False,False,True
,2026-02-23,CO,CO-BOG-01,CUST-0007315,"Andes, Mining SpA",MACHINE,DRL-D45KS,1,628637.55,False,False,True
,2025-09-10,US,US-MIA-01,CUST-0009529,West Quarry Co.,PARTS,PART-HYD-07,0,2761.65,False,False,True
,2025-03-09,MX,MX-MTY-01,CUST-0003954,Andes Mining SpA,MACHINE,DRL-D45KS,7,85821.68,False,False,True
,2025-01-13,AR,AR-CBA-01,CUST-0006142,West Quarry Co.,PARTS,PART-HYD-07,11,17835.73,False,False,True
,2025-05-10,US,US-MIA-01,CUST-0004341,Obras Sierra,SERVICE,SV-TRAIN-01,1,60.78,False,False,True
,2025-10-08,MX,MX-MTY-01,CUST-0006893,Minería del Sur,PARTS,PART-BRK-11,9,4987.11,False,False,True
INV-AR-2026-FORCE-00011,2025-01-27,AR,AR-BUE-01,CUST-0005503,West Quarry Co.,SERVICE,SV-MAINT-03,O.75,98.84,False,False,True
,2025-04-19,US,US-MIA-01,CUST-0002281,Minería del Sur,MACHINE,EXC-320D,11,803135.14,False,False,True
,2025-06-29,CL,CL-SCL-01,CUST-0008963,StoneWorks LLC,SERVICE,SV-INSPECT-02,6,"233,45",False,False,True
,2025-04-18,US,US-HOU-01,CUST-0007783,Minería del Sur,SERVICE,SV-ONSITE-08,3,184.77,False,False,True
,2026-03-18,US,US-MIA-01,CUST-0009337,Constructora del Pacífico,SERVICE,SV-ONSITE-08,6,85.77,False,False,True
,2025-05-05,PE,PE-LIM-02,CUST-0009403,Obras Sierra,PARTS,PART-ENG-99,11,16966.46,False,False,True
,2025-01-31,MX,MX-MTY-01,CUST-0008547,West Quarry Co.,SERVICE,SV-TRAIN-01,0.75,135.52,False,False,True
INV-US-2026-FORCE-00001,2025-11-10,US,US-HOU-01,CUST-0004403,Canteras Oriente,SERVICE,SV-TRAIN-01,16,119.71,False,False,True
,2025-01-11,AR,AR-BUE-01,CUST-0005427,Minería del Sur,PARTS,PART-FLT-02,13,7670.1,False,False,True
,2025-10-08,CO,CO-MED-01,CUST-0006710,Servicios Andinos,MACHINE,EXC-320D,15,128323.73,False,False,True
,10-19-2025,CL,CL-SCL-01,CUST-0008786,Servicios Andinos,PARTS,PART-ENG-99,14,101.52,True,False,True
,2026-04-01,PE,PE-ARE-01,CUST-0002743,Serv﻿icios Andinos,PARTS,PART-FLT-02,14,2292.26,False,False,True
,2025-08-21,PE,PE-ARE-01,CUST-0009452,"Canteras, Oriente",PARTS,PART-HYD-07,9,7054.12,False,False,True
,2025-03-12,PE,PE-LIM-02,CUST-0009813,Minería del Sur,MACHINE,WHL-950H,5,487168.26,False,False,True
,2025-01-24,MX,MX-MTY-01,CUST-0001736,Andes Mining SpA,SERVICE,SV-ONSITE-08,12,84.07,False,False,True
INV-PE-2026-FORCE-00009,2026-03-14,PE,PE-ARE-01,CUST-0002114,Obras Sierra,MACHINE,WHL-950H,4,8h,False,False,True
,2026-01-16,US,US-MIA-01,CUST-0006187,Minera Norte SpA,SERVICE,SV-TRAIN-01,8,35.48,False,False,True
,2025-10-02,PE,PE-LIM-02,CUST-0005627,Obras Sierra,PARTS,PART-BRK-11,6,3000.68,False,False,True
,2025-04-30,CO,CO-BOG-01,CUST-0004028,MinerÃ­a del Sur,MACHINE,EXC-320D,10,374112.77,False,False,True
,2025-07-11,MX,MX-MTY-01,CUST-0009741,Grupo Cantera SA,SERVICE,SV-TRAIN-01,16,162.03,False,False,True
,2026-05-11,US,US-HOU-01,CUST-0004339,Constructora del Pacífico,PARTS,PART-FLT-02,12,6471.95,False,False,True
,2025-04-22,CL,CL-SCL-01,CUST-0008185,Constructora del Pacífico,PARTS,PART-BRK-11,5,4363.97,False,False,True
,2026-04-30,MX,MX-MEX-01,CUST-0002776,Canteras Oriente,SERVICE,SV-ONSITE-08,2,220.39,False,False,True
INV-CL-2026-FORCE-00006,2025-12-29,CL,CL-SCL-01,CUST-0003510,MinerÃ­a del Sur,SERVICE,SV-MAINT-03,0.5,191.76,False,False,True
,2025-11-20,AR,AR-BUE-01,CUST-0009402,Obras Sierra,SERVICE,SV-TRAIN-01,8,106.41,False,False,True
,2025-07-13,MX,MX-MEX-01,CUST-0002145,West Quarry Co.,MACHINE,BLD-D6R,5,360917.35,False,False,True
,2025-03-01,MX,MX-MEX-01,CUST-0004901,West Quarry Co.,PARTS,PART-HYD-07,10,4338.84,False,False,True
,2025-09-02,MX,MX-MTY-01,CUST-0009633,Minería del Sur,MACHINE,EXC-320D,11,515179.9,False,False,True
,2025-11-15,CL,CL-ANT-01,CUST-0003139,Delta Obras,PARTS,PART-HYD-07,15,10453.59,False,False,True
,2026-02-20,CL,CL-ANT-01,CUST-0006382,"""Canteras Oriente""",SERVICE,SV-INSPECT-02,40,152.83,False,False,True
,2026-04-10,CL,CL-SCL-01,CUST-0008074,Minera Norte SpA,PARTS,PART-ENG-99,11,2996.73,False,False,True
,2025-02-03,US,US-MIA-01,CUST-0006301,Delta Obras,MACHINE,EXC-320D,10,727566.7,False,False,True
,2025-05-10,CL,CL-SCL-01,CUST-0002121,Grupo Cantera SA,PARTS,PART-ENG-99,9,14520.22,False,False,True
,2026-03-29,MX,MX-MTY-01,CUST-0009507,Constructora del Pacífico,SERVICE,SV-INSPECT-02,1O0.50,-2500,False,False,True
,2025-07-06,CO,CO-MED-01,CUST-0009651,Rock & Drill Inc.,SERVICE,SV-MAINT-03,4,141.82,False,False,True
,2025-03-20,AR,AR-BUE-01,CUST-0006754,Delta Obras,MACHINE,EXC-320D,2,344159.78,False,False,True
,2025-12-13,AR,AR-CBA-01,CUST-0004175,Minera Norte SpA,SERVICE,SV-MAINT-03,16,186.08,False,False,True
,2025-07-15,CL,CL-SCL-01,CUST-0007222,Obras Sierra,PARTS,PART-FLT-02,10,8880.23,False,False,True
,2025-11-30,PE,PE-ARE-01,CUST-0007009,Andes Mining SpA,MACHINE,WHL-950H,8,70862.42,False,False,True
,2025-01-10,PE,PE-ARE-01,CUST-0008330,West Quarry Co.,MACHINE,DRL-D45KS,11,643941.93,False,False,True
,2026-01-26,CO,CO-MED-01,CUST-0005796,Grupo Cantera SA,SERVICE,SV-TRAIN-01,24,185.0,False,False,True
INV-CO-2026-FORCE-00015,2025-12-16,CO,CO-MED-01,CUST-0008123,Andes Mining SpA,SERVICE,SV-INSPECT-02,0.75,248.03,False,False,True
,2025-06-03,MX,MX-MTY-01,CUST-0004095,Rock & Drill Inc.,SERVICE,SV-MAINT-03,4,136.86,False,False,True
,2025-07-25,MX,MX-MEX-01,CUST-0004206,Minería del Sur,SERVICE,SV-ONSITE-08,12,45.07,False,False,True
,2025-02-27,US,US-HOU-01,CUST-0003121,Delta Obras,MACHINE,EXC-320D,15,174164.28,False,False,True
,2025-05-05,AR,AR-BUE-01,CUST-0006593,"Delta, Obras",SERVICE,SV-INSPECT-02,16,109.79,False,False,True
,2026-02-28,PE,PE-LIM-02,CUST-0007726,"""Rock & Drill Inc.""",PARTS,PART-ENG-99,12,5617.17,False,False,True
,2025-10-30,US,US-MIA-01,CUST-0008384,"Andes, Mining SpA",SERVICE,SV-MAINT-03,1,197.39,False,False,True
,2025-03-27,AR,AR-BUE-01,CUST-0005733,Obras Sierra,SERVICE,SV-TRAIN-01,8,64.63,False,False,True
INV-MX-2026-FORCE-00014,2025-03-07,MX,MX-MTY-01,CUST-0005959,Obras Sierra,PARTS,PART-BRK-11,8,"6,031.79",False,False,True
INV-US-2026-FORCE-00004,2025-08-20,US,US-MIA-01,CUST-0004228,Constructo ra del Pacífico,SERVICE,SV-MAINT-03,40,231.64,False,False,True
,2025-06-15,CO,CO-BOG-01,CUST-0005205,Constructora del Pacífico,PARTS,PART-ENG-99,7,6538.82,False,False,True
INV-MX-2026-FORCE-00011,2025-04-06,MX,MX-MTY-01,CUST-0004703,Constructora del Pacífico,MACHINE,BLD-D6R,13,-,True,False,True
,2025-07-10,MX,MX-MEX-01,CUST-0001800,Minera Norte SpA,PARTS,PART-HYD-07,1,6481.31,False,False,True
,2026-04-26,CL,CL-ANT-01,CUST-0008639,Obras Sierra,MACHINE,DRL-D45KS,1,332761.74,False,False,True
,2025-09-12,CO,CO-BOG-01,CUST-0001337,West Quarry Co.,MACHINE,WHL-950H,15,305336.38,False,False,True
,2025-06-08,CO,CO-BOG-01,CUST-0006640,Andes Mining SpA,SERVICE,SV-INSPECT-02,16,100.26,False,False,True
,2025-11-22,AR,AR-BUE-01,CUST-0001102,StoneWorks LLC,PARTS,PART-BRK-11,9,18489.98,False,False,True
,2025-03-20,AR,AR-CBA-01,CUST-0001301,West Quarry Co.,MACHINE,BLD-D6R,13,119007.95,False,False,True
,2025-08-11,MX,MX-MEX-01,CUST-0002460,Rock & Drill Inc.,SERVICE,SV-INSPECT-02,3,171.91,False,False,True
,2025-11-08,CL,CL-ANT-01,CUST-0001895,Servicios Andinos,MACHINE,DRL-D45KS,8,235260.23,False,False,True
,2025-01-11,US,US-MIA-01,CUST-0006096,Canteras Oriente,SERVICE,SV-INSPECT-02,24,244.88,False,False,True
,2025-02-09,CO,CO-BOG-01,CUST-0007281,Rock & Drill Inc.,MACHINE,WHL-950H,14,172547.2,False,False,True
,2025-09-08,AR,AR-CBA-01,CUST-0009564,"StoneWorks, LLC",PARTS,PART-ENG-99,4,11633.32,False,False,True
,2025-12-25,CL,CL-ANT-01,CUST-0001198,Canteras Oriente,MACHINE,BLD-D6R,10,102702.05,False,False,True
,2026-01-24,PE,PE-ARE-01,CUST-0009354,Minera Norte SpA,SERVICE,SV-MAINT-03,3,70.48,False,False,True
,2025-07-27,PE,PE-LIM-02,CUST-0005608,Constructora del Pacífico,MACHINE,BLD-D6R,10,448295.79,False,False,True
INV-CO-2026-FORCE-00002,2025-07-04,CO,CO-BOG-01,CUST-0002108,"ACME ""Obras Sierra""",MACHINE,EXC-320D,5,530662.41,False,False,True
,2025-07-26,CO,CO-MED-01,CUST-0006600,"""Grupo Cantera SA""",MACHINE,EXC-320D,12,123497.47,False,False,True
,2025-02-03,US,US-MIA-01,CUST-0008649,Rock & Drill Inc.,SERVICE,SV-TRAIN-01,0.75,45.35,False,False,True
,2025-09-20,CL,CL-ANT-01,CUST-0003394,​West Quarry Co.,MACHINE,WHL-950H,11,745199.62,False,False,True
,2025-07-23,US,US-MIA-01,CUST-0002934,Grupo Cantera SA,SERVICE,SV-MAINT-03,2,151.17,False,False,True
,2026-05-11,MX,MX-MEX-01,CUST-0005017,StoneWorks LLC,MACHINE,DRL-D45KS,4,281297.18,False,False,True
,2025-03-23,CL,CL-SCL-01,CUST-0007452,Minería del Sur,PARTS,PART-BRK-11,14,11374.13,False,False,True
,2025-09-19,CL,CL-ANT-01,CUST-0007603,Grupo Cantera SA,MACHINE,DRL-D45KS,5,100004.54,False,False,True
,2025-10-18,CO,CO-MED-01,CUST-0003661,Rock & Drill Inc.,MACHINE,EXC-320D,14,291856.02,False,False,True
,2025-12-05,PE,PE-ARE-01,CUST-0004160,West Quarry Co.,SERVICE,SV-MAINT-03,0.75,231.23,False,False,True
,2026-05-13,AR,AR-CBA-01,CUST-0003020,StoneWorks LLC,PARTS,PART-BRK-11,6,10349.04,False,False,True
,2025-10-07,CL,CL-ANT-01,CUST-0007362,Andes Mining SpA,MACHINE,BLD-D6R,15,465565.14,False,False,True
,2026-04-13,MX,MX-MEX-01,CUST-0007079,West Quarry Co.,MACHINE,EXC-320D,12,206839.67,False,False,True
,2025-05-31,PE,PE-ARE-01,CUST-0008457,StoneWorks LLC,MACHINE,EXC-320D,9,344289.28,False,False,True
,2025-11-12,PE,PE-LIM-02,CUST-0001158,Canteras Oriente,SERVICE,SV-INSPECT-02,4,138.9,False,False,True
,2025-10-22,CL,CL-ANT-01,CUST-0008271,Obras Sierra,PARTS,PART-BRK-11,3,18527.66,False,False,True
,2025-04-06,US,US-MIA-01,CUST-0007838,Delta Obras,PARTS,PART-FLT-02,12,-2500,False,False,True
,2025-11-25,PE,PE-LIM-02,CUST-0007643,Grupo Cantera SA,SERVICE,SV-MAINT-03,3,90.45,False,False,True
INV-MX-2026-FORCE-00004,2026-03-21,MX,MX-MTY-01,CUST-0007217,Constructora del Pacífico,PARTS,PART-BRK-11,9,"5.161,61",False,False,True
,2025-11-25,CO,CO-MED-01,CUST-0004346,West Quarry Co.,PARTS,PART-HYD-07,3,6129.61,False,False,True
,2025-08-23,MX,MX-MEX-01,CUST-0008682,Minera Norte SpA,SERVICE,SV-TRAIN-01,1,53.59,False,False,True
,2025-10-01,PE,PE-LIM-02,CUST-0004990,"Servicios, Andinos",SERVICE,SV-INSPECT-02,16,108.15,False,False,True
,2025-12-10,MX,MX-MEX-01,CUST-0003662,Minera Norte SpA,MACHINE,BLD-D6R,6,121064.54,False,False,True
,2025-04-26,MX,MX-MEX-01,CUST-0002391,"Grupo, Cantera SA",SERVICE,SV-TRAIN-01,4,237.06,False,False,True
,2025-03-17,MX,MX-MEX-01,CUST-0003820,West Quarry Co.,MACHINE,WHL-950H,9,641933.38,False,False,True
,2025-07-22,US,US-MIA-01,CUST-0008620,Grupo Cantera SA,PARTS,PART-HYD-07,14,19138.38,False,False,True
,2025-10-16,CO,CO-MED-01,CUST-0001402,Canteras Oriente,SERVICE,SV-TRAIN-01,4,229.2,False,False,True
INV-US-2026-FORCE-00006,2025-01-25,US,US-HOU-01,CUST-0009192,Andes Mining SpA,SERVICE,SV-TRAIN-01,-3,9999999,False,False,True
,2025-03-23,AR,AR-CBA-01,CUST-0009983,Canteras Oriente,SERVICE,SV-MAINT-03,40,147.36,False,False,True
,2025-05-21,US,US-MIA-01,CUST-0006006,Delta Obras,MACHINE,WHL-950H,8,480062.19,False,False,True
,2026-03-20,PE,PE-ARE-01,CUST-0007119,Serv icios Andinos,PARTS,PART-HYD-07,12,8701.63,False,False,True
,09-22-2025,MX,MX-MTY-01,CUST-0007402,"""Andes Mining SpA""",SERVICE,SV-MAINT-03,2,235.1,True,False,True
,2025-10-31,PE,PE-ARE-01,CUST-0009450,Obras Sierra,SERVICE,SV-INSPECT-02,24,61.33,False,False,True
,2026-04-05,CO,CO-BOG-01,CUST-0005272,Canteras Oriente,SERVICE,SV-MAINT-03,8,49.17,False,False,True
,2025-03-09,CO,CO-MED-01,CUST-0005314,Delta Obras,SERVICE,SV-MAINT-03,24,171.02,False,False,True
,2026-04-12,CL,CL-ANT-01,CUST-0003131,Minera Norte SpA,PARTS,PART-ENG-99,8,8344.34,False,False,True
,2025-07-30,US,US-MIA-01,CUST-0009620,Delta Obras,SERVICE,SV-TRAIN-01,15%,"138,68",False,False,True
INV-MX-2026-FORCE-00009,2025-06-30,MX,MX-MEX-01,CUST-0006690,"StoneWor ks, LLC",MACHINE,DRL-D45KS,11,615639.59,False,False,True
INV-CL-2026-FORCE-00000,2025-10-03,CL,CL-SCL-01,CUST-0009207,Grupo Cantera SA,MACHINE,BLD-D6R,9,"858,266.02",False,False,True
,2025-01-11,US,US-HOU-01,CUST-0007698,Grupo Cantera SA,PARTS,PART-FLT-02,9,297.25,False,False,True
,2025-05-14,PE,PE-ARE-01,CUST-0002101,Servicios Andinos,SERVICE,SV-ONSITE-08,8,170.85,False,False,True
,2025-10-01,AR,AR-BUE-01,CUST-0003355,West Quarry Co.,SERVICE,SV-INSPECT-02,8,150.29,False,False,True
,2025-02-28,AR,AR-CBA-01,CUST-0008758,Constructora del Pacífico,PARTS,PART-ENG-99,8,2981.38,False,False,True
,2025-06-01,CO,CO-BOG-01,CUST-0003608,Grupo Cantera SA,MACHINE,DRL-D45KS,8,588732.59,False,False,True
,2026-03-02,US,US-MIA-01,CUST-0004467,Delta Obras,MACHINE,DRL-D45KS,6,284816.88,False,False,True
,2025-08-13,CL,CL-SCL-01,CUST-0007784,Constructora del Pacífico,SERVICE,SV-TRAIN-01,1,174.67,False,False,True
INV-US-2026-FORCE-00003,2026-04-18,US,US-HOU-01,CUST-0008055,Constructora del Pacífico,SERVICE,SV-INSPECT-02,2,8h,False,False,True
,2025-04-21,AR,AR-BUE-01,CUST-0004716,StoneWorks LLC,PARTS,PART-HYD-07,11,8263.67,False,False,True
,2025-01-10,MX,MX-MEX-01,CUST-0002160,Minería del Sur,SERVICE,SV-TRAIN-01,3,112.4,False,False,True
,2025-06-03,US,US-HOU-01,CUST-0003084,Delta Obras,PARTS,PART-ENG-99,12,3764.36,False,False,True
,2025-08-04,AR,AR-CBA-01,CUST-0005655,Rock & Drill Inc.,MACHINE,WHL-950H,9,54013.0,False,False,True
,2025-03-06,CL,CL-SCL-01,CUST-0002103,Delta Obras,SERVICE,SV-MAINT-03,40,117.6,False,False,True
,2025-10-02,CL,CL-ANT-01,CUST-0002059,Constructora del Pacífico,SERVICE,SV-TRAIN-01,24,99.06,False,False,True
,2026-02-14,US,US-MIA-01,CUST-0006762,West Quarry  Co.,SERVICE,SV-ONSITE-08,8,174.96,False,False,True
,2026-03-27,US,US-MIA-01,CUST-0001006,Minera Norte SpA,SERVICE,SV-TRAIN-01,0.5,84.35,False,False,True
,2025-03-12,US,US-MIA-01,CUST-0007972,Constructora del Pacífico,PARTS,PART-FLT-02,3,17396.45,False,False,True
,2025-01-28,PE,PE-ARE-01,CUST-0004613,Minería d el Sur,SERVICE,SV-MAINT-03,12,115.07,False,False,True
,2026-04-10,US,US-HOU-01,CUST-0007271,West Quarry Co.,PARTS,PART-ENG-99,14,1756.76,False,False,True
,2025-06-10,PE,PE-ARE-01,CUST-0006227,Grupo Cantera SA,SERVICE,SV-INSPECT-02,2,140.19,False,False,True
,2025-06-22,AR,AR-BUE-01,CUST-0007888,Servicios Andinos,PARTS,PART-BRK-11,10,1502.75,False,False,True
,2025-09-08,AR,AR-BUE-01,CUST-0001142,West Quarry Co.,SERVICE,SV-ONSITE-08,12,"249,71",False,False,True
,2025-06-04,CO,CO-BOG-01,CUST-0008586,Constructora del Pacífico,SERVICE,SV-MAINT-03,8,131.4,False,False,True
,2025-07-25,US,US-MIA-01,CUST-0009494,Servicios Andinos,SERVICE,SV-ONSITE-08,2,220.17,False,False,True
,2025-12-05,CO,CO-MED-01,CUST-0005783,West Quarry Co.,SERVICE,SV-MAINT-03,2,63.54,False,False,True
,2025-12-04,CL,CL-ANT-01,CUST-0002569,Obras Sierra,SERVICE,SV-MAINT-03,2,95.65,False,False,True
,2025-11-04,US,US-MIA-01,CUST-0002176,Andes Mining SpA,MACHINE,WHL-950H,14,"460 874,06",False,False,True
,2026-03-29,CO,CO-BOG-01,CUST-0004077,Constructora del Pacífico,SERVICE,SV-ONSITE-08,6,192.33,False,False,True
,2025-01-27,PE,PE-ARE-01,CUST-0004737,Servicios Andinos,SERVICE,SV-ONSITE-08,3,0,False,False,True
,2026-03-16,PE,PE-ARE-01,CUST-0004600,Andes Mining SpA,SERVICE,SV-INSPECT-02,24,209.68,False,False,True
,2025-02-10,CO,CO-MED-01,CUST-0004042,Andes Mining SpA,SERVICE,SV-INSPECT-02,40,71.09,False,False,True
,2026-01-28,PE,PE-LIM-02,CUST-0005562,"Obras, Sierra",MACHINE,EXC-320D,2,686376.13,False,False,True
,2026-01-16,PE,PE-LIM-02,CUST-0009108,Minera Norte SpA,MACHINE,DRL-D45KS,8,"716,990.21",False,False,True
,2026-05-14,US,US-MIA-01,CUST-0004795,"Andes, Mining SpA",PARTS,PART-BRK-11,200,18831.16,False,False,True
,2025-06-09,CL,CL-ANT-01,CUST-0006207,Grupo Cantera SA,SERVICE,SV-ONSITE-08,8,168.34,False,False,True
,2025-10-01,MX,MX-MTY-01,CUST-0005885,Grupo Cantera SA,PARTS,PART-HYD-07,10,12kg,False,False,True
,2025-05-12,CL,CL-ANT-01,CUST-0005822,West Quarry Co.,PARTS,PART-ENG-99,8,4140.99,False,False,True
,2025-02-14,US,US-HOU-01,CUST-0007052,Obras Sierra,SERVICE,SV-TRAIN-01,12,41.75,False,False,True
,2025-12-01,PE,PE-LIM-02,CUST-0005302,West Quarry Co.,PARTS,PART-ENG-99,6,1769.68,False,False,True
,2026-02-06,CO,CO-BOG-01,CUST-0005199,Delta Obras,MACHINE,DRL-D45KS,12,358592.14,False,False,True
,2025-01-03,CL,CL-SCL-01,CUST-0005208,Rock & Drill Inc.,MACHINE,WHL-950H,11,0,False,False,True
,2025-07-07,US,US-HOU-01,CUST-0001594,Minería del Sur,MACHINE,DRL-D45KS,13,513915.61,False,False,True
,2025-02-15,CL,CL-SCL-01,CUST-0002111,StoneWorks LLC,SERVICE,SV-TRAIN-01,0.5,54.98,False,False,True
,2026-03-18,CL,CL-ANT-01,CUST-0005053,Andes Mining SpA,MACHINE,WHL-950H,6,743254.5,False,False,True
,2025-03-13,US,US-HOU-01,CUST-0005559,StoneWorks LLC,PARTS,PART-FLT-02,12,4700.31,False,False,True
,2025-07-18,CL,CL-ANT-01,CUST-0009663,Grupo Cantera SA,SERVICE,SV-TRAIN-01,6,139.74,False,False,True
,2025-11-17,PE,PE-ARE-01,CUST-0005321,Delta Obras,PARTS,PART-FLT-02,3,14437.08,False,False,True
,2025-06-17,PE,PE-ARE-01,CUST-0004977,Canteras Oriente,MACHINE,EXC-320D,3,868999.44,False,False,True
,2025-12-26,US,US-MIA-01,CUST-0001530,Rock & Drill Inc.,MACHINE,DRL-D45KS,8,810816.38,False,False,True
,2025-04-18,US,US-HOU-01,CUST-0002676,Grupo Cantera SA,PARTS,PART-HYD-07,9,38.61,False,False,True
INV-MX-2026-FORCE-00011,2025-09-02,MX,MX-MTY-01,CUST-0005682,Minera Norte SpA,PARTS,PART-HYD-07,7,2216.78,False,False,True
,2026-01-30,US,US-MIA-01,CUST-0001094,Rock & Drill Inc.,PARTS,PART-FLT-02,-3,8930.27,False,False,True
,2026-02-19,PE,PE-LIM-02,CUST-0001614,Delt﻿a Obras,MACHINE,BLD-D6R,14,476386.79,False,False,True
,20/08/25,US,US-HOU-01,CUST-0004700,Minera Norte SpA,MACHINE,EXC-320D,11,217708.71,True,False,True
INV-AR-2026-FORCE-00015,2025-12-30,AR,AR-BUE-01,CUST-0007434,"Minera, Norte SpA",PARTS,PART-HYD-07,-3,9999999,False,False,True
,2025-06-21,CL,CL-SCL-01,CUST-0007371,Grupo Cantera SA,PARTS,PART-BRK-11,14,6615.2,False,False,True
,2025-09-19,CO,CO-MED-01,CUST-0002024,Obras Sierra,SERVICE,SV-INSPECT-02,8,71.97,False,False,True
INV-CO-2026-FORCE-00001,2025-06-18,CO,CO-BOG-01,CUST-0004726,"ACME ""Obras Sierra""",MACHINE,DRL-D45KS,14,505407.04,False,False,True
,2026-01-25,CL,CL-SCL-01,CUST-0002277,Canteras Oriente,SERVICE,SV-TRAIN-01,1,126.72,False,False,True
,2025-08-18,AR,AR-BUE-01,CUST-0009932,West Quarry Co.,SERVICE,SV-TRAIN-01,40,43.37,False,False,True
,2025-05-18,PE,PE-LIM-02,CUST-0007230,Minera Norte SpA,SERVICE,SV-ONSITE-08,40,136.65,False,False,True
,2025-02-10,US,US-MIA-01,CUST-0009373,Obras Sierra,SERVICE,SV-INSPECT-02,0.75,134.72,False,False,True
,2026-03-06,MX,MX-MEX-01,CUST-0002061,Constructora del Pacífico,SERVICE,SV-MAINT-03,1,236.74,False,False,True
,2025-12-04,US,US-HOU-01,CUST-0004649,Minera Norte SpA,SERVICE,SV-MAINT-03,4,12kg,False,False,True
,2026-04-06,MX,MX-MTY-01,CUST-0003999,Delta Obras,PARTS,PART-HYD-07,15,12147.39,False,False,True
,2025-02-11,PE,PE-ARE-01,CUST-0008440,StoneWorks LLC,PARTS,PART-FLT-02,10,17414.0,False,False,True
,2025-02-27,CL,CL-SCL-01,CUST-0004260,"StoneWorks, LLC",SERVICE,SV-MAINT-03,0.75,150.36,False,False,True
,2025-08-18,MX,MX-MEX-01,CUST-0005260,Servicios Andinos,MACHINE,BLD-D6R,10,796735.32,False,False,True
,2025-08-18,CO,CO-MED-01,CUST-0003036,Servicios Andinos,PARTS,PART-FLT-02,7,10729.09,False,False,True
,2025-02-24,AR,AR-BUE-01,CUST-0003185,Constructora del Pacífico,PARTS,PART-FLT-02,5,1987.4,False,False,True
,2025-09-22,US,US-HOU-01,CUST-0005998,Minería del Sur,MACHINE,DRL-D45KS,10,373130.17,False,False,True
,2025-06-21,AR,AR-BUE-01,CUST-0006407,Minera Norte SpA,PARTS,PART-HYD-07,5,9549.9,False,False,True
,2025-05-21,CL,CL-SCL-01,CUST-0005870,Grupo Cantera SA,PARTS,PART-ENG-99,200,3824.34,False,False,True
,2025-10-03,US,US-HOU-01,CUST-0006947,Rock & Drill Inc.,PARTS,PART-ENG-99,6,13127.86,False,False,True
,2025-11-19,AR,AR-CBA-01,CUST-0005708,StoneWorks LLC,PARTS,PART-BRK-11,,6309.72,True,False,True
,2026-02-09,CL,CL-SCL-01,CUST-0009513,Servicios Andinos,SERVICE,SV-MAINT-03,8,243.61,False,False,True
,2026-03-27,CO,CO-MED-01,CUST-0008768,Delta Obras,PARTS,PART-BRK-11,12,16785.03,False,False,True
INV-US-2026-FORCE-00013,2026-05-06,US,US-MIA-01,CUST-0008392,Servicios Andinos,MACHINE,BLD-D6R,1O,575199.79,False,False,True
,2026-04-13,US,US-MIA-01,CUST-0001166,West Quarry Co.,PARTS,PART-FLT-02,4,1117.86,False,False,True
INV-US-2026-FORCE-00005,2026-01-01,US,US-HOU-01,CUST-0001620,Constructora del Pacífico,PARTS,PART-HYD-07,1O,1653.69,False,False,True
,01-19-2026,AR,AR-BUE-01,CUST-0002056,Grupo Cantera SA,SERVICE,SV-ONSITE-08,1O0.50,33.93,True,False,True
,2026-01-10,CO,CO-BOG-01,CUST-0007908,Delta Obras,PARTS,PART-HYD-07,11,"8 333,78",False,False,True
,2026-01-15,MX,MX-MTY-01,CUST-0009201,Servicios Andinos,PARTS,PART-ENG-99,10,6646.0,False,False,True
INV-CL-2026-FORCE-00019,2025-09-22,CL,CL-SCL-01,CUST-0004327,Minera Norte SpA,MACHINE,BLD-D6R,6,"571 717,96",False,False,True
,2026-03-06,CO,CO-BOG-01,CUST-0007744,West Quarry Co.,SERVICE,SV-TRAIN-01,3,161.28,False,False,True
,2025-06-10,AR,AR-CBA-01,CUST-0002436,Canteras Oriente,MACHINE,WHL-950H,1,204919.83,False,False,True
,2025-10-14,CL,CL-SCL-01,CUST-0005265,Constructora del Pacífico,MACHINE,BLD-D6R,4,15%,False,False,True
INV-AR-2026-FORCE-00016,24/12/25,AR,AR-BUE-01,CUST-0005050,Rock & Drill Inc.,SERVICE,SV-MAINT-03,12,74.38,True,False,True
INV-CO-2026-FORCE-00000,2025-02-07,CO,CO-MED-01,CUST-0009477,"Obras, Sierra",MACHINE,DRL-D45KS,10,186846.95,False,False,True
,2025-11-23,US,US-HOU-01,CUST-0004391,Grupo Cantera SA,PARTS,PART-BRK-11,4,13575.25,False,False,True
,2025-11-25,PE,PE-LIM-02,CUST-0006919,StoneWorks LLC,MACHINE,DRL-D45KS,11,281438.56,False,False,True
,2026-04-23,PE,PE-ARE-01,CUST-0004445,Minera Norte SpA,PARTS,PART-ENG-99,2,"6,263.91",False,False,True
,2025-10-17,US,US-HOU-01,CUST-0009339,Rock & Drill Inc.,MACHINE,BLD-D6R,4,687186.36,False,False,True
,2026-04-09,US,US-MIA-01,CUST-0005146,Servicios Andinos,MACHINE,DRL-D45KS,9,-,True,False,True
,2025-12-17,MX,MX-MEX-01,CUST-0003966,Obras Sierra,SERVICE,SV-INSPECT-02,0.75,63.26,False,False,True
INV-PE-2026-FORCE-00019,2025-03-06,PE,PE-LIM-02,CUST-0001064,"Grupo, Cantera SA",MACHINE,DRL-D45KS,14,,True,False,True
,2025-09-20,CO,CO-MED-01,CUST-0008930,StoneWorks LLC,PARTS,PART-BRK-11,14,9999999,False,False,True
,2026-01-04,US,US-MIA-01,CUST-0009547,Rock & Drill Inc.,MACHINE,DRL-D45KS,10,9999999,False,False,True
,2026-04-06,CO,CO-BOG-01,CUST-0002076,Servicios Andinos,MACHINE,BLD-D6R,14,773771.6,False,False,True
,2026-02-17,CO,CO-BOG-01,CUST-0007445,Minería del Sur,MACHINE,DRL-D45KS,14,22323.01,False,False,True
,2026-01-16,CO,CO-MED-01,CUST-0007141,Minería del Sur,MACHINE,DRL-D45KS,11,740161.63,False,False,True
,2025-08-22,MX,MX-MTY-01,CUST-0008394,West Quarry Co.,PARTS,PART-ENG-99,1,18405.96,False,False,True
,2025-04-07,AR,AR-CBA-01,CUST-0001586,"Delta, Obras",PARTS,PART-BRK-11,10,8011.17,False,False,True
,2025-09-02,CO,CO-MED-01,CUST-0009853,Grupo Cantera SA,PARTS,PART-ENG-99,3,16013.57,False,False,True
INV-US-2026-FORCE-00001,2025-12-09,US,US-HOU-01,CUST-0007532,Constructora del Pacífico	,MACHINE,DRL-D45KS,6,801731.39,False,False,True
,2025-11-15,CL,CL-ANT-01,CUST-0003022,"""Canteras Oriente""",SERVICE,SV-MAINT-03,0.75,214.88,False,False,True
,2025-11-13,CO,CO-MED-01,CUST-0005127,Rock & Drill Inc.,PARTS,PART-FLT-02,14,11103.11,False,False,True
,2025-07-09,US,US-HOU-01,CUST-0007455,Minera Norte SpA,PARTS,PART-ENG-99,1,1957.22,False,False,True
,2025-04-08,CO,CO-MED-01,CUST-0008405,Obras Sierra,MACHINE,EXC-320D,6,559231.48,False,False,True
INV-US-2026-FORCE-00019,2025-06-30,US,US-HOU-01,CUST-0006125,An​des Mining SpA,SERVICE,SV-TRAIN-01,24,52.54,False,False,True
,2025-12-31,CL,CL-SCL-01,CUST-0005758,Andes Mining SpA,MACHINE,WHL-950H,3,191543.04,False,False,True
,2025-06-10,MX,MX-MTY-01,CUST-0006291,Delta Obras,MACHINE,WHL-950H,1,550500.77,False,False,True
,2025-10-17,AR,AR-BUE-01,CUST-0009383,Minera Norte SpA,SERVICE,SV-INSPECT-02,0.75,170.58,False,False,True
INV-US-2026-FORCE-00012,2026-02-06,US,US-MIA-01,CUST-0007326,"Minera, Norte SpA",MACHINE,WHL-950H,-3,9999999,False,False,True
,2026-13-40,MX,MX-MEX-01,CUST-0002437,West Quarry Co.,PARTS,PART-BRK-11,1,10411.05,True,False,True
,2025-01-23,MX,MX-MTY-01,CUST-0004469,Servicios Andinos,MACHINE,BLD-D6R,7,418236.92,False,False,True
,2025-01-26,AR,AR-BUE-01,CUST-0004436,Grupo Cantera SA,MACHINE,WHL-950H,15,330309.87,False,False,True
,2025-08-10,CO,CO-MED-01,CUST-0001344,Rock & Dri ll Inc.,SERVICE,SV-TRAIN-01,1,37.31,False,False,True
,2025-05-16,CL,CL-ANT-01,CUST-0007366,Minería del Sur,PARTS,PART-FLT-02,2,19812.83,False,False,True
,2025-03-08,CO,CO-MED-01,CUST-0008810,Andes Mining SpA,SERVICE,SV-TRAIN-01,16,226.2,False,False,True
,2025-01-17,AR,AR-CBA-01,CUST-0007572,Minera Norte SpA,MACHINE,WHL-950H,13,24353.19,False,False,True
,2025-06-30,MX,MX-MTY-01,CUST-0004551,Grupo  Cantera SA,PARTS,PART-ENG-99,12,8581.01,False,False,True
INV-PE-2026-FORCE-00002,2025-04-19,PE,PE-LIM-02,CUST-0003348,Delta Obras,SERVICE,SV-TRAIN-01,3,-,True,False,True
,2026-01-18,MX,MX-MEX-01,CUST-0003860,Delta Obras,SERVICE,SV-INSPECT-02,6,9999999,False,False,True
,2026-02-26,CL,CL-ANT-01,CUST-0006274,Constructora del Pacífico,MACHINE,BLD-D6R,4,499644.31,False,False,True
INV-US-2026-FORCE-00007,2026-02-21,US,US-HOU-01,CUST-0004558,Delta Obras,MACHINE,EXC-320D,1O,554140.86,False,False,True
,2025-01-10,US,US-HOU-01,CUST-0004513,Minera Norte SpA,PARTS,PART-BRK-11,2,673.24,False,False,True
,2025-03-12,CL,CL-SCL-01,CUST-0007838,StoneWorks LLC,MACHINE,BLD-D6R,9,204554.41,False,False,True
,2026-02-16,CO,CO-BOG-01,CUST-0001029,Servicios Andinos,PARTS,PART-BRK-11,11,10164.29,False,False,True
,2025-05-20,AR,AR-CBA-01,CUST-0005912,Grupo Cantera SA,PARTS,PART-FLT-02,4,4383.49,False,False,True
,2025-01-17,US,US-MIA-01,CUST-0007060,Andes Mining SpA,MACHINE,DRL-D45KS,10,265432.63,False,False,True
INV-US-2026-FORCE-00019,2025-01-26,US,US-HOU-01,CUST-0001565,"ACME ""Delta Obras""",SERVICE,SV-TRAIN-01,1,124.21,False,False,True
,04-09-2026,CL,CL-SCL-01,CUST-0001810,Servicios Andinos,MACHINE,DRL-D45KS,6,554771.21,True,False,True
,2025-03-19,CL,CL-SCL-01,CUST-0009374,Servicios Andinos,MACHINE,WHL-950H,8,161366.74,False,False,True
,2026-03-21,PE,PE-LIM-02,CUST-0003952,Grupo Cantera SA,SERVICE,SV-ONSITE-08,6,127.27,False,False,True
,2025-10-15,CL,CL-SCL-01,CUST-0008487,Constructora del Pacífico,PARTS,PART-FLT-02,8,6481.59,False,False,True
,2025-08-22,CO,CO-MED-01,CUST-0008139,Obras Sierra,SERVICE,SV-ONSITE-08,16,135.8,False,False,True
,2025-01-02,AR,AR-CBA-01,CUST-0001438,Grupo Cantera SA,SERVICE,SV-MAINT-03,12,57.82,False,False,True
,2025-07-16,US,US-MIA-01,CUST-0001538,Grupo Cantera SA,SERVICE,SV-INSPECT-02,1,79.14,False,False,True
,2026-04-08,AR,AR-BUE-01,CUST-0004464,Constructora del Pacífico,MACHINE,WHL-950H,2,529261.88,False,False,True
,2026-01-01,CO,CO-BOG-01,CUST-0006329,Grupo Cantera SA,MACHINE,EXC-320D,8,820619.28,False,False,True
,2025-10-15,MX,MX-MEX-01,CUST-0001882,Constructora del Pacífico,MACHINE,WHL-950H,14,569153.06,False,False,True
,2025-07-28,PE,PE-LIM-02,CUST-0006437,Obras Sierra,PARTS,PART-BRK-11,9,9532.8,False,False,True
,2026-03-11,CO,CO-MED-01,CUST-0008724,Servicios Andinos,PARTS,PART-BRK-11,1,826.62,False,False,True
INV-PE-2026-FORCE-00007,2025-01-11,PE,PE-ARE-01,CUST-0004661,"ACME ""Canteras Oriente""",MACHINE,EXC-320D,7,864633.76,False,False,True
,2026-02-06,PE,PE-LIM-02,CUST-0002581,Delta Obras,PARTS,PART-FLT-02,10,8167.1,False,False,True
,2026-01-28,CO,CO-MED-01,CUST-0003120,Minera Norte SpA,SERVICE,SV-MAINT-03,6,51.47,False,False,True
,2025-12-05,US,US-MIA-01,CUST-0007143,Minera Norte SpA,SERVICE,SV-ONSITE-08,8,232.41,False,False,True
,2026-01-05,MX,MX-MTY-01,CUST-0008463,Minera Norte SpA,MACHINE,BLD-D6R,14,786598.32,False,False,True
INV-CO-2026-FORCE-00014,01-17-2026,CO,CO-MED-01,CUST-0005457,Rock & Drill Inc.,SERVICE,SV-INSPECT-02,40,185.71,True,False,True
,2025-12-02,CL,CL-SCL-01,CUST-0005597,Obras Sierra,SERVICE,SV-TRAIN-01,8,203.3,False,False,True
,2025-05-06,PE,PE-LIM-02,CUST-0008860,Obras Sierra,SERVICE,SV-TRAIN-01,40,"202,75",False,False,True
,2025-10-12,US,US-HOU-01,CUST-0001681,Rock & Drill Inc.,MACHINE,WHL-950H,12,132141.16,False,False,True
,2025-07-16,CL,CL-ANT-01,CUST-0008514,Canteras Oriente,PARTS,PART-ENG-99,9,4724.1,False,False,True
,2025-02-06,US,US-HOU-01,CUST-0007738,West Quarry Co.,MACHINE,EXC-320D,11,480706.39,False,False,True
,2025-06-11,AR,AR-CBA-01,CUST-0001223,Servicios Andinos,SERVICE,SV-MAINT-03,6,127.81,False,False,True
,2025-05-08,MX,MX-MTY-01,CUST-0009849,"StoneWorks, LLC",PARTS,PART-HYD-07,13,"18,107.04",False,False,True
,2025-07-24,CO,CO-BOG-01,CUST-0002730,StoneWorks LLC,SERVICE,SV-MAINT-03,2,99.48,False,False,True
INV-CL-2026-FORCE-00005,2025-07-23,CL,CL-SCL-01,CUST-0007129,"ACME ""StoneWorks LLC""",MACHINE,EXC-320D,8,172881.17,False,False,True
,2026-01-03,MX,MX-MEX-01,CUST-0005920,Minera Norte SpA,MACHINE,WHL-950H,6,467109.22,False,False,True
,2026-05-10,PE,PE-LIM-02,CUST-0008757,Constructora del Pacífico,SERVICE,SV-INSPECT-02,0.5,195.91,False,False,True
,2025-05-11,CO,CO-MED-01,CUST-0003923,Grupo Cantera SA,MACHINE,DRL-D45KS,7,59113.68,False,False,True
,2026-01-16,AR,AR-BUE-01,CUST-0006861,Minería del Sur,PARTS,PART-HYD-07,11,928.39,False,False,True
INV-US-2026-FORCE-00012,2025-05-13,US,US-HOU-01,CUST-0008173,Delta Obras,MACHINE,DRL-D45KS,1O,825785.69,False,False,True
,2025-11-22,AR,AR-BUE-01,CUST-0005757,Obras Sierra,SERVICE,SV-INSPECT-02,24,132.01,False,False,True
,2026-03-01,CO,CO-MED-01,CUST-0008605,Grupo Cantera SA,MACHINE,WHL-950H,12,561009.55,False,False,True
INV-US-2026-FORCE-00013,2026-03-05,US,US-HOU-01,CUST-0001686,Canteras Oriente,MACHINE,DRL-D45KS,13,,True,False,True
INV-US-2026-FORCE-00018,2025-09-19,US,US-MIA-01,CUST-0008459,Obras Sierra,PARTS,PART-FLT-02,7,12kg,False,False,True
,2025-10-06,US,US-MIA-01,CUST-0004388,West Quarry Co.,MACHINE,EXC-320D,7,447607.22,False,False,True
,2025-02-17,AR,AR-BUE-01,CUST-0005225,Canteras Oriente,MACHINE,WHL-950H,3,522140.53,False,False,True
,2025-02-28,CO,CO-MED-01,CUST-0002403,Canteras Oriente,PARTS,PART-HYD-07,12,13774.77,False,False,True
,2025-06-14,CO,CO-MED-01,CUST-0002835,Minería del Sur,SERVICE,SV-INSPECT-02,40,90.47,False,False,True
,2025-03-15,CO,CO-MED-01,CUST-0004431,StoneWorks LLC,SERVICE,SV-TRAIN-01,8,85.95,False,False,True
,2025-07-13,AR,AR-BUE-01,CUST-0002001,Canteras Oriente,SERVICE,SV-ONSITE-08,16,198.15,False,False,True
,2025-04-05,AR,AR-BUE-01,CUST-0006521,Andes Mining SpA,MACHINE,EXC-320D,6,319354.43,False,False,True
,2025-10-22,US,US-HOU-01,CUST-0009948,Obras Sierra,SERVICE,SV-ONSITE-08,40,82.25,False,False,True
INV-AR-2026-FORCE-00017,2025-08-06,AR,AR-CBA-01,CUST-0009205,Andes Mining SpA,MACHINE,BLD-D6R,1O,362063.76,False,False,True
,2025-07-18,AR,AR-CBA-01,CUST-0007253,StoneWorks LLC,PARTS,PART-BRK-11,7,11878.15,False,False,True
,2025-08-17,CL,CL-SCL-01,CUST-0002771,Andes Mining SpA,PARTS,PART-ENG-99,14,6981.58,False,False,True
,2025-06-02,AR,AR-BUE-01,CUST-0004053,Delta Obras,PARTS,PART-ENG-99,7,9778.17,False,False,True
,2026-04-13,US,US-MIA-01,CUST-0003024,West Quarry Co.,SERVICE,SV-TRAIN-01,6,57.18,False,False,True
,2026-04-28,MX,MX-MTY-01,CUST-0006351,Obras Sierra,SERVICE,SV-MAINT-03,4,212.64,False,False,True
,2025-08-16,US,US-MIA-01,CUST-0001436,Minería del Sur,PARTS,PART-ENG-99,11,5047.48,False,False,True
,2025-09-01,PE,PE-ARE-01,CUST-0006014,Obras Sierra,SERVICE,SV-TRAIN-01,16,115.93,False,False,True
,2025-04-10,CL,CL-SCL-01,CUST-0002168,"Obras, Sierra",MACHINE,WHL-950H,11,480483.31,False,False,True
INV-CL-2026-FORCE-00000,16/03/25,CL,CL-ANT-01,CUST-0006608,Obras Sierra,SERVICE,SV-TRAIN-01,12,222.29,True,False,True
,2026-04-17,PE,PE-LIM-02,CUST-0001096,Minera Norte SpA,MACHINE,WHL-950H,13,149826.65,False,False,True
INV-PE-2026-FORCE-00002,2025-02-27,PE,PE-ARE-01,CUST-0003981,Minería del Sur,MACHINE,EXC-320D,1O,105163.16,False,False,True
,2025-07-10,MX,MX-MTY-01,CUST-0001465,Grupo Cantera SA,SERVICE,SV-TRAIN-01,24,186.76,False,False,True
INV-MX-2026-FORCE-00004,2026-05-05,MX,MX-MEX-01,CUST-0004501,Delta Obras,PARTS,PART-BRK-11,3,-,True,False,True
,2025-03-22,US,US-MIA-01,CUST-0002604,Grupo Cantera SA,MACHINE,EXC-320D,2,773510.92,False,False,True
,2025-04-06,CO,CO-MED-01,CUST-0007796,Rock & Drill Inc.,SERVICE,SV-MAINT-03,3,172.67,False,False,True
INV-CO-2026-FORCE-00010,2025-06-13,CO,CO-BOG-01,CUST-0006361,Andes Mining SpA,PARTS,PART-BRK-11,13,"2,419.30",False,False,True
,2026-03-27,US,US-HOU-01,CUST-0008240,"Andes, Mining SpA",MACHINE,EXC-320D,4,794634.71,False,False,True
,2025-06-10,CL,CL-ANT-01,CUST-0007667,Obras Sierra,SERVICE,SV-TRAIN-01,12,207.02,False,False,True
,2025-07-16,CO,CO-MED-01,CUST-0009586,Minera Norte SpA,SERVICE,SV-INSPECT-02,2,241.48,False,False,True
,2026-02-21,CL,CL-ANT-01,CUST-0006575,Minera Norte SpA,SERVICE,SV-ONSITE-08,16,237.72,False,False,True
,2026-05-15,US,US-MIA-01,CUST-0006540,"StoneWorks, LLC",MACHINE,EXC-320D,7,894357.68,False,False,True
,2025-10-09,US,US-MIA-01,CUST-0005965,West Quarry Co.,MACHINE,BLD-D6R,11,24053.39,False,False,True
,2025-03-30,AR,AR-BUE-01,CUST-0006368,Canteras Oriente,MACHINE,WHL-950H,4,38226.04,False,False,True
,2025-05-18,MX,MX-MEX-01,CUST-0007322,Obras Sierra,MACHINE,BLD-D6R,7,32686.06,False,False,True
,2025-08-16,CL,CL-ANT-01,CUST-0004023,Servicios Andinos,SERVICE,SV-TRAIN-01,0.5,"173,16",False,False,True
,2025-06-05,PE,PE-ARE-01,CUST-0008599,Minera Norte SpA,SERVICE,SV-INSPECT-02,2,-2500,False,False,True
INV-PE-2026-FORCE-00017,2026-01-06,PE,PE-ARE-01,CUST-0009688,"ACME ""Obras Sierra""",SERVICE,SV-MAINT-03,2,52.1,False,False,True
,2026-05-09,PE,PE-ARE-01,CUST-0009878,Grupo Cantera SA,PARTS,PART-BRK-11,14,4667.48,False,False,True
,2025-10-20,MX,MX-MTY-01,CUST-0003733,Constructora del Pacífico,MACHINE,BLD-D6R,4,278940.56,False,False,True
,2026-02-28,PE,PE-ARE-01,CUST-0001575,Obras Sierra,SERVICE,SV-MAINT-03,1,90.51,False,False,True
INV-PE-2026-FORCE-00016,2025-03-14,PE,PE-ARE-01,CUST-0009695,Rock & Drill Inc.,SERVICE,SV-MAINT-03,16,15%,False,False,True
,2025-05-24,US,US-HOU-01,CUST-0002359,Canteras Oriente,PARTS,PART-FLT-02,14,10137.35,False,False,True
,2026-02-13,MX,MX-MEX-01,CUST-0001903,Andes Mining SpA,PARTS,PART-BRK-11,14,9975.5,False,False,True
,2026-03-08,US,US-MIA-01,CUST-0006891,Canteras Oriente,PARTS,PART-BRK-11,13,18451.13,False,False,True
,2026-03-18,CL,CL-ANT-01,CUST-0003174,Obras Sierra,PARTS,PART-ENG-99,11,11003.69,False,False,True
,2025-06-26,PE,PE-ARE-01,CUST-0005249,Rock & Drill Inc.,SERVICE,SV-ONSITE-08,4,238.34,False,False,True
,2026-04-01,CL,CL-ANT-01,CUST-0009082,MinerÃ­a del Sur,MACHINE,WHL-950H,10,190759.56,False,False,True
,2025-01-09,US,US-MIA-01,CUST-0005495,Grupo Cantera SA,PARTS,PART-FLT-02,11,7221.08,False,False,True
,2025-02-04,AR,AR-BUE-01,CUST-0008099,Delta Obras,PARTS,PART-ENG-99,9,13098.74,False,False,True
,2025-05-02,US,US-MIA-01,CUST-0002171,Servicios Andinos,SERVICE,SV-MAINT-03,6,143.21,False,False,True
,2026-02-11,MX,MX-MEX-01,CUST-0006998,MinerÃ­a del Sur,PARTS,PART-BRK-11,200,7062.88,False,False,True
,06-05-2025,CL,CL-SCL-01,CUST-0002548,Grupo Cantera SA ,PARTS,PART-ENG-99,15%,4821.2,True,False,True
,2025-08-02,CO,CO-BOG-01,CUST-0006950,Andes Mining SpA,SERVICE,SV-ONSITE-08,0.5,122.07,False,False,True
,2025-08-12,CO,CO-BOG-01,CUST-0007750,Servicios Andinos,PARTS,PART-HYD-07,7,7401.22,False,False,True
,2025-04-05,PE,PE-ARE-01,CUST-0003622,StoneWorks LLC,PARTS,PART-HYD-07,12,10086.84,False,False,True
,2025-12-22,PE,PE-LIM-02,CUST-0004569,Rock & Drill Inc.,PARTS,PART-HYD-07,5,19314.4,False,False,True
,2025-10-22,US,US-MIA-01,CUST-0009588,Rock & Drill Inc.,PARTS,PART-HYD-07,13,18324.4,False,False,True
,2025-05-11,CL,CL-SCL-01,CUST-0001799,Servicios Andinos,PARTS,PART-ENG-99,2,9271.79,False,False,True
,2026-03-11,MX,MX-MEX-01,CUST-0001290,Minera Norte SpA,PARTS,PART-HYD-07,10,10471.47,False,False,True
,2026-04-09,US,US-MIA-01,CUST-0003060,StoneWorks LLC,MACHINE,DRL-D45KS,8,852061.66,False,False,True
INV-CL-2026-FORCE-00019,2026-03-07,CL,CL-SCL-01,CUST-0001180,Delta Obras,MACHINE,WHL-950H,8,479328.77,False,False,True
,2026-04-17,MX,MX-MEX-01,CUST-0001393,Andes Mining SpA,SERVICE,SV-MAINT-03,8,76.86,False,False,True
,2025-12-29,US,US-MIA-01,CUST-0005853,Constructora del Pacífico,SERVICE,SV-TRAIN-01,12,150.41,False,False,True
,2025-05-31,US,US-MIA-01,CUST-0009075,Delta Obras,SERVICE,SV-MAINT-03,6,109.88,False,False,True
INV-US-2026-FORCE-00010,2025-02-05,US,US-MIA-01,CUST-0006579,Servicios Andinos,PARTS,PART-BRK-11,1,10713.44,False,False,True
,2026-04-16,MX,MX-MTY-01,CUST-0004856,West Quarry Co.,SERVICE,SV-TRAIN-01,8,236.11,False,False,True
,2025-03-29,AR,AR-CBA-01,CUST-0007329,StoneWorks LLC,SERVICE,SV-INSPECT-02,12,140.11,False,False,True
,2025-02-03,CL,CL-ANT-01,CUST-0005828,Delta Obras,MACHINE,BLD-D6R,1,"203,525.22",False,False,True
,2025-10-01,AR,AR-CBA-01,CUST-0007346,Obras Sierra,MACHINE,WHL-950H,8,666150.66,False,False,True
,2025-12-05,CO,CO-BOG-01,CUST-0004614,Canteras Oriente,MACHINE,BLD-D6R,15,830525.66,False,False,True
,2026-02-18,CL,CL-SCL-01,CUST-0009511,West Quarry Co.,SERVICE,SV-TRAIN-01,4,49.01,False,False,True
,2026-02-07,US,US-MIA-01,CUST-0006257,StoneWorks LLC,PARTS,PART-ENG-99,3,10636.88,False,False,True
,2025-01-29,PE,PE-ARE-01,CUST-0005208,Servicios Andinos,PARTS,PART-FLT-02,4,5570.02,False,False,True
,2025-02-11,PE,PE-ARE-01,CUST-0006428,Constructora del Pacífico,SERVICE,SV-TRAIN-01,8,172.76,False,False,True
,2025-05-03,PE,PE-LIM-02,CUST-0004649,Servicios Andinos,MACHINE,BLD-D6R,8,801793.49,False,False,True
,2025-08-05,US,US-HOU-01,CUST-0003854,Canteras Oriente,SERVICE,SV-ONSITE-08,6,50.52,False,False,True
,2026-02-10,US,US-MIA-01,CUST-0002462,Minera Norte SpA,SERVICE,SV-ONSITE-08,3,138.84,False,False,True
,2025-07-22,CL,CL-SCL-01,CUST-0002640,"Grupo, Cantera SA",MACHINE,BLD-D6R,3,854063.66,False,False,True
,2025-05-13,AR,AR-BUE-01,CUST-0007826,Andes Mining SpA,PARTS,PART-HYD-07,12,14413.93,False,False,True
,2026-13-40,PE,PE-LIM-02,CUST-0004968,Delta Obras,MACHINE,WHL-950H,4,533846.31,True,False,True
,2025-12-09,PE,PE-LIM-02,CUST-0005075,Canteras Oriente,MACHINE,DRL-D45KS,4,328703.95,False,False,True
,2025-09-22,US,US-HOU-01,CUST-0002486,StoneWorks LLC,PARTS,PART-BRK-11,12,18991.82,False,False,True
,2025-07-04,US,US-HOU-01,CUST-0008268,Constructora del Pacífico,PARTS,PART-HYD-07,4,19372.21,False,False,True
,2025-06-14,US,US-HOU-01,CUST-0004160,"Minería, del Sur",SERVICE,SV-TRAIN-01,1,166.78,False,False,True
,2026-01-08,AR,AR-CBA-01,CUST-0006124,Servicios Andinos,PARTS,PART-HYD-07,15,9660.14,False,False,True
,2025-09-15,US,US-MIA-01,CUST-0001110,Canteras Oriente,PARTS,PART-BRK-11,3,10822.6,False,False,True
,2026-01-11,PE,PE-ARE-01,CUST-0007491,Delta Obras,SERVICE,SV-MAINT-03,1,97.75,False,False,True
,2025-10-31,PE,PE-LIM-02,CUST-0007155,"Rock, & Drill Inc.",MACHINE,DRL-D45KS,11,614004.81,False,False,True
,2026-04-27,MX,MX-MEX-01,CUST-0006004,Minería del Sur,SERVICE,SV-MAINT-03,1,217.8,False,False,True
INV-CL-2026-FORCE-00019,01-14-2025,CL,CL-SCL-01,CUST-0008201,Minería del Sur,PARTS,PART-FLT-02,15,70.03,True,False,True
,2025-01-15,AR,AR-BUE-01,CUST-0002317,Obras Sierra,MACHINE,BLD-D6R,13,890918.78,False,False,True
,2025-11-12,CL,CL-ANT-01,CUST-0002912,Minera Norte ﻿SpA,MACHINE,WHL-950H,3,677564.42,False,False,True
,2025-10-23,PE,PE-LIM-02,CUST-0001048,Servicios Andinos,MACHINE,BLD-D6R,5,761188.74,False,False,True
,2025-07-13,US,US-HOU-01,CUST-0004231,Andes Mining SpA,PARTS,PART-FLT-02,14,6216.5,False,False,True
,2026-02-26,PE,PE-ARE-01,CUST-0007586,Grupo Cantera SA,MACHINE,EXC-320D,12,637902.36,False,False,True
,2025-02-24,MX,MX-MEX-01,CUST-0002796,Minera Norte SpA,PARTS,PART-HYD-07,7,9007.7,False,False,True
,2025-05-30,CO,CO-BOG-01,CUST-0002670,Obras Sierra,MACHINE,WHL-950H,2,477768.25,False,False,True
,2025-10-12,PE,PE-ARE-01,CUST-0006555,"""Constructora del Pacífico""",PARTS,PART-HYD-07,11,12806.24,False,False,True
INV-US-2026-FORCE-00018,2026-03-24,US,US-MIA-01,CUST-0007743,Obras Sierra,MACHINE,DRL-D45KS,2,787038.63,False,False,True
,2025-04-21,US,US-MIA-01,CUST-0008781,Grupo Cantera SA,PARTS,PART-ENG-99,15,6524.63,False,False,True
,2025-12-22,AR,AR-CBA-01,CUST-0003114,"""StoneWorks, LLC""",SERVICE,SV-ONSITE-08,8,180.47,False,False,True
INV-US-2026-FORCE-00014,2025-11-01,US,US-MIA-01,CUST-0005509,W​est Quarry Co.,PARTS,PART-HYD-07,15,7781.26,False,False,True
,2025-08-04,US,US-HOU-01,CUST-0005140,StoneWorks LLC,MACHINE,WHL-950H,4,840737.58,False,False,True
INV-MX-2026-FORCE-00007,2025-06-28,MX,MX-MEX-01,CUST-0004028,Obras Sierra,PARTS,PART-ENG-99,14,"6 454,42",False,False,True
,2025-01-21,PE,PE-LIM-02,CUST-0008481,"Grupo, Cantera SA",MACHINE,WHL-950H,10,595805.69,False,False,True
,2025-03-13,PE,PE-LIM-02,CUST-0006634,Andes Mining SpA,SERVICE,SV-INSPECT-02,4,241.76,False,False,True
,2026-01-14,CL,CL-SCL-01,CUST-0004894,Constructora del Pacífico,SERVICE,SV-TRAIN-01,16,241.92,False,False,True
,2026-01-14,US,US-MIA-01,CUST-0003263,Obras Sierra,PARTS,PART-FLT-02,1,12261.75,False,False,True
,2025-03-25,AR,AR-BUE-01,CUST-0009499,Canteras Oriente,MACHINE,DRL-D45KS,6,199060.62,False,False,True
,2025-11-20,CO,CO-BOG-01,CUST-0008734,West Quarry Co.,PARTS,PART-ENG-99,12,9962.11,False,False,True
,2025-11-04,MX,MX-MEX-01,CUST-0007984,StoneWorks LLC,MACHINE,EXC-320D,9,35833.08,False,False,True
,2025-09-29,CL,CL-SCL-01,CUST-0001763,"Minera, Norte SpA",SERVICE,SV-TRAIN-01,0.75,139.79,False,False,True
,2025-04-15,CO,CO-BOG-01,CUST-0003357,Ro ck & Drill Inc.,PARTS,PART-ENG-99,10,1407.67,False,False,True
,2025-10-18,AR,AR-CBA-01,CUST-0009761,Constructora del Pacífico,PARTS,PART-FLT-02,4,1675.36,False,False,True
,2025-03-02,MX,MX-MEX-01,CUST-0002521,Constructora del Pacífico,MACHINE,WHL-950H,12,842656.52,False,False,True
INV-AR-2026-FORCE-00013,2025-05-28,AR,AR-CBA-01,CUST-0005995,Constructora del Pacífico,PARTS,PART-HYD-07,7,"16,789.25",False,False,True
INV-CO-2026-FORCE-00010,2025-11-11,CO,CO-MED-01,CUST-0001001,"ACME ""Obras, Sierra""",MACHINE,DRL-D45KS,7,654464.67,False,False,True
,2025-06-11,CO,CO-BOG-01,CUST-0009580,Servicios Andinos,PARTS,PART-HYD-07,8,16724.01,False,False,True
,2026-04-19,CL,CL-SCL-01,CUST-0001363,"Obras, Sierra",SERVICE,SV-TRAIN-01,16,111.39,False,False,True
,2025-08-18,CO,CO-MED-01,CUST-0004203,Grupo Cantera SA,SERVICE,SV-INSPECT-02,16,144.72,False,False,True
,2025-04-26,PE,PE-LIM-02,CUST-0004463,Minería del Sur,SERVICE,SV-MAINT-03,40,245.95,False,False,True
,2026-04-14,MX,MX-MEX-01,CUST-0008408,Minera Norte SpA,MACHINE,WHL-950H,9,819578.45,False,False,True
INV-US-2026-FORCE-00007,2026-01-22,US,US-HOU-01,CUST-0005650,West Quarry Co.,SERVICE,SV-TRAIN-01,4,15%,False,False,True
,04-20-2026,CL,CL-ANT-01,CUST-0002700,Canteras Oriente,PARTS,PART-FLT-02,10,19431.64,True,False,True
INV-AR-2026-FORCE-00006,2026-02-24,AR,AR-CBA-01,CUST-0003080,Servicios Andinos,PARTS,PART-ENG-99,10,-,True,False,True
,2025-06-11,CL,CL-ANT-01,CUST-0002056,Canteras Oriente,PARTS,PART-ENG-99,12,16288.8,False,False,True
,2025-06-04,AR,AR-BUE-01,CUST-0005495,Constructora del Pacífico,PARTS,PART-BRK-11,5,16515.14,False,False,True
,2025-06-27,MX,MX-MTY-01,CUST-0005003,StoneWorks LLC,SERVICE,SV-ONSITE-08,24,201.9,False,False,True
,2025-11-03,CO,CO-BOG-01,CUST-0009445,Andes Mining SpA,PARTS,PART-HYD-07,6,4890.48,False,False,True
INV-PE-2026-FORCE-00009,2025-06-09,PE,PE-ARE-01,CUST-0008259,Andes Mining SpA,PARTS,PART-ENG-99,-3,9999999,False,False,True
,2025-02-13,CL,CL-ANT-01,CUST-0003697,Servicios Andinos,SERVICE,SV-TRAIN-01,16,159.67,False,False,True
,2026-13-40,CL,CL-ANT-01,CUST-0005383,Delta Obras,MACHINE,EXC-320D,1,314389.69,True,False,True
,2025-06-26,AR,AR-CBA-01,CUST-0005005,Servicios Andinos,MACHINE,WHL-950H,15,198713.22,False,False,True
INV-CO-2026-FORCE-00002,2025-06-19,CO,CO-BOG-01,CUST-0007359,"Grupo, Cantera SA",PARTS,PART-ENG-99,3,5040.47,False,False,True
,2025-10-15,MX,MX-MTY-01,CUST-0005531,Cons​tructora del Pacífico,PARTS,PART-HYD-07,7,16603.81,False,False,True
INV-MX-2026-FORCE-00001,2026-01-12,MX,MX-MEX-01,CUST-0008347,StoneWorks LLC,SERVICE,SV-MAINT-03,16,12kg,False,False,True
,2026-03-27,US,US-MIA-01,CUST-0009489,Obras Sierra,SERVICE,SV-TRAIN-01,4,53.93,False,False,True
,2025-11-05,CL,CL-SCL-01,CUST-0002513,Delta Obras,PARTS,PART-HYD-07,8,11260.13,False,False,True
INV-PE-2026-FORCE-00007,03/04/26,PE,PE-LIM-02,CUST-0002551,"West, Quarry Co.",PARTS,PART-HYD-07,14,14258.47,True,False,True
,2025-05-09,PE,PE-ARE-01,CUST-0002269,Servicios Andinos,SERVICE,SV-MAINT-03,0.5,81.08,False,False,True
,2025-05-23,US,US-HOU-01,CUST-0006852,Obras Sierra,SERVICE,SV-TRAIN-01,0.5,206.99,False,False,True
,2025-01-30,MX,MX-MTY-01,CUST-0008487,Andes Mi​ning SpA,PARTS,PART-BRK-11,5,2304.7,False,False,True
,2025-05-28,MX,MX-MEX-01,CUST-0007144,Minera Norte SpA,MACHINE,BLD-D6R,1,91288.75,False,False,True
,2025-07-02,CO,CO-MED-01,CUST-0009462,Grupo Cantera SA,MACHINE,EXC-320D,4,812540.27,False,False,True
,2025-04-27,CL,CL-SCL-01,CUST-0007851,Canteras Oriente,MACHINE,DRL-D45KS,6,"229.832,08",False,False,True
,2026-01-16,CL,CL-ANT-01,CUST-0004906,West Quarry Co.,SERVICE,SV-INSPECT-02,4,81.89,False,False,True
,2025-03-09,PE,PE-LIM-02,CUST-0007220,"Constructora, del Pacífico",MACHINE,EXC-320D,1,871326.41,False,False,True
,2025-07-24,CO,CO-MED-01,CUST-0009673,"Grupo, Cantera SA",PARTS,PART-HYD-07,14,17480.84,False,False,True
,2025-07-09,US,US-MIA-01,CUST-0001038,Minera Norte SpA,MACHINE,BLD-D6R,4,655904.52,False,False,True
,12-28-2025,CL,CL-ANT-01,CUST-0008113,Andes Mining SpA,MACHINE,BLD-D6R,7,563585.54,True,False,True
,2026-04-05,US,US-MIA-01,CUST-0004643,Canteras Oriente,SERVICE,SV-MAINT-03,8,217.24,False,False,True
INV-MX-2026-FORCE-00004,2025-11-10,MX,MX-MTY-01,CUST-0007872,Canteras Oriente,PARTS,PART-ENG-99,-3,9999999,False,False,True
INV-PE-2026-FORCE-00019,2025-08-16,PE,PE-ARE-01,CUST-0009397,Minera Norte SpA,MACHINE,WHL-950H,1O,219117.77,False,False,True
,2025-02-19,MX,MX-MTY-01,CUST-0007760,Constructora del Pacífico,MACHINE,EXC-320D,1,292820.05,False,False,True
INV-US-2026-FORCE-00005,2026-13-40,US,US-HOU-01,CUST-0006252,Grupo Cantera SA,SERVICE,SV-TRAIN-01,0.75,114.26,True,False,True
,2025-09-10,CO,CO-MED-01,CUST-0007436,Andes Mining SpA,PARTS,PART-HYD-07,15,8226.54,False,False,True
,2025-04-15,AR,AR-BUE-01,CUST-0001644,Canteras Oriente,SERVICE,SV-MAINT-03,6,67.9,False,False,True
,2026-03-04,CL,CL-ANT-01,CUST-0007126,Constructora del Pacífico,MACHINE,EXC-320D,2,416781.6,False,False,True
,2026-04-12,AR,AR-CBA-01,CUST-0005104,Constructora del Pacífico,PARTS,PART-FLT-02,12,1864.88,False,False,True
INV-AR-2026-FORCE-00013,2026-13-40,AR,AR-BUE-01,CUST-0002252,Constructora del Pacífico,SERVICE,SV-MAINT-03,4,151.83,True,False,True
INV-US-2026-FORCE-00013,2025-01-19,US,US-HOU-01,CUST-0007618,Minera Norte SpA,SERVICE,SV-INSPECT-02,2,167.87,False,False,True
,2026-03-27,CL,CL-ANT-01,CUST-0003719,"Constructora, del Pacífico",MACHINE,EXC-320D,11,448483.29,False,False,True
,2025-12-28,CL,CL-ANT-01,CUST-0004160,Minera Norte SpA,MACHINE,EXC-320D,10,494939.3,False,False,True
,2025-03-03,CO,CO-MED-01,CUST-0001257,Minera Norte SpA,MACHINE,EXC-320D,11,684234.98,False,False,True
,2025-10-14,CO,CO-BOG-01,CUST-0005884,Constructora del Pacífico,SERVICE,SV-ONSITE-08,0.75,112.04,False,False,True
INV-AR-2026-FORCE-00016,2025-03-28,AR,AR-CBA-01,CUST-0005025,MinerÃ­a del Sur,PARTS,PART-HYD-07,11,8873.33,False,False,True
,2025-04-28,PE,PE-LIM-02,CUST-0001583,Canteras Oriente,SERVICE,SV-INSPECT-02,8,108.7,False,False,True
,2025-05-01,CL,CL-SCL-01,CUST-0005645,Andes Mining SpA,SERVICE,SV-MAINT-03,0.75,188.68,False,False,True
,2025-11-27,CL,CL-ANT-01,CUST-0009887,"Servicios, Andinos",SERVICE,SV-TRAIN-01,12,138.6,False,False,True
,2026-04-07,CL,CL-SCL-01,CUST-0007420,Obras Sierra,MACHINE,WHL-950H,14,84366.4,False,False,True
,2025-02-05,CL,CL-SCL-01,CUST-0009325,"StoneWorks, LLC",PARTS,PART-BRK-11,11,1427.46,False,False,True
,2026-04-23,CO,CO-BOG-01,CUST-0003266,Obras Sierra,MACHINE,WHL-950H,6,8h,False,False,True
,2026-02-18,CL,CL-ANT-01,CUST-0005847,Servicios Andinos,MACHINE,WHL-950H,7,401441.62,False,False,True
,2025-05-02,US,US-HOU-01,CUST-0003049,Canteras Oriente,MACHINE,BLD-D6R,10,676611.33,False,False,True
,2026-01-11,PE,PE-LIM-02,CUST-0008118,Canteras Oriente,MACHINE,BLD-D6R,3,65427.36,False,False,True
INV-CO-2026-FORCE-00001,2025-09-20,CO,CO-BOG-01,CUST-0004803,"Andes, Mining SpA",SERVICE,SV-MAINT-03,-3,9999999,False,False,True
,2026-03-02,AR,AR-BUE-01,CUST-0008370,West Quarry Co.,SERVICE,SV-INSPECT-02,4,189.74,False,False,True
,2025-11-22,PE,PE-LIM-02,CUST-0009793,Rock & Drill Inc.,SERVICE,SV-ONSITE-08,40,65.52,False,False,True
,2026-05-03,AR,AR-CBA-01,CUST-0006162,Servicios Andinos,PARTS,PART-BRK-11,6,13609.96,False,False,True
,2026-02-27,CL,CL-ANT-01,CUST-0003791,Canteras Oriente,PARTS,PART-ENG-99,2,10159.09,False,False,True
,2025-09-04,MX,MX-MTY-01,CUST-0001326,"Andes, Mining SpA",PARTS,PART-HYD-07,12,9608.47,False,False,True
,2025-07-23,MX,MX-MEX-01,CUST-0001070,Minera Norte SpA,SERVICE,SV-INSPECT-02,16,15%,False,False,True
,2025-05-31,CL,CL-ANT-01,CUST-0005063,Delta Obras,MACHINE,EXC-320D,7,716695.86,False,False,True
,2026-04-07,CL,CL-ANT-01,CUST-0007201,"Andes, Mining SpA",SERVICE,SV-MAINT-03,24,174.19,False,False,True
,2025-02-06,CO,CO-BOG-01,CUST-0003302,StoneWorks LLC,PARTS,PART-ENG-99,7,7666.7,False,False,True
,2025-02-05,PE,PE-ARE-01,CUST-0005864,Minera Norte SpA,MACHINE,DRL-D45KS,10,190447.14,False,False,True
,2025-10-14,CO,CO-MED-01,CUST-0009476,Rock & Drill Inc.,MACHINE,DRL-D45KS,9,62743.16,False,False,True
INV-US-2026-FORCE-00018,2025-11-28,US,US-MIA-01,CUST-0003659,Minería del Su	r,MACHINE,WHL-950H,1,645558.09,False,False,True
,2026-01-25,AR,AR-BUE-01,CUST-0003486,Delta Obras,PARTS,PART-ENG-99,7,"4,476.86",False,False,True
,2025-05-04,CO,CO-MED-01,CUST-0003609,Minería del Sur,SERVICE,SV-TRAIN-01,0.75,232.6,False,False,True
,04/04/25,CL,CL-SCL-01,CUST-0009665,Minería del Sur,PARTS,PART-ENG-99,7,6028.75,True,False,True
,2026-03-19,CL,CL-SCL-01,CUST-0003569,Grupo Cantera SA,MACHINE,WHL-950H,1,27417.95,False,False,True
INV-MX-2026-FORCE-00004,2025-01-20,MX,MX-MTY-01,CUST-0007788,"ACME ""Servicios Andinos""",MACHINE,EXC-320D,13,604512.31,False,False,True
,2025-12-25,PE,PE-LIM-02,CUST-0002706,"Obras, Sierra",SERVICE,SV-MAINT-03,4,189.42,False,False,True
,2025-07-30,MX,MX-MTY-01,CUST-0002552,StoneWorks LLC,PARTS,PART-BRK-11,7,5713.29,False,False,True
,2025-11-04,CL,CL-SCL-01,CUST-0005973,Canteras Oriente,MACHINE,WHL-950H,8,732121.21,False,False,True
,2025-09-11,US,US-HOU-01,CUST-0007979,Andes Mining SpA,SERVICE,SV-MAINT-03,24,204.44,False,False,True
INV-AR-2026-FORCE-00015,2025-06-27,AR,AR-BUE-01,CUST-0007675,Rock & Drill Inc.,PARTS,PART-BRK-11,8,"12,678.72",False,False,True
,2025-02-09,US,US-HOU-01,CUST-0004428,Canteras Oriente,SERVICE,SV-INSPECT-02,24,201.38,False,False,True
,2025-06-10,CO,CO-BOG-01,CUST-0002585,West Quarry Co.,SERVICE,SV-ONSITE-08,2,9999999,False,False,True
INV-MX-2026-FORCE-00001,2025-01-21,MX,MX-MTY-01,CUST-0008260,Servicios Andinos,PARTS,PART-HYD-07,1,"18 982,02",False,False,True
INV-PE-2026-FORCE-00017,09-25-2025,PE,PE-ARE-01,CUST-0003499,"West, Quarry Co.",SERVICE,SV-TRAIN-01,2,38.77,True,False,True
,2025-05-13,AR,AR-CBA-01,CUST-0008033,Servicios Andinos,MACHINE,WHL-950H,8,601608.51,False,False,True
,2025-05-27,CO,CO-MED-01,CUST-0001988,Minera Norte SpA,PARTS,PART-HYD-07,4,1860.35,False,False,True
INV-PE-2026-FORCE-00009,2026-03-17,PE,PE-ARE-01,CUST-0009120,"Delta, Obras",PARTS,PART-ENG-99,1O,17219.76,False,False,True
,2025-08-18,CL,CL-ANT-01,CUST-0003699,West Quarry Co.,SERVICE,SV-TRAIN-01,0.75,87.44,False,False,True
,2025-04-04,PE,PE-LIM-02,CUST-0001133,Grupo Cantera SA,PARTS,PART-BRK-11,6,17914.86,False,False,True
,2025-11-27,CO,CO-BOG-01,CUST-0008052,Rock & Drill Inc.,SERVICE,SV-INSPECT-02,0.75,136.12,False,False,True
,2025-07-12,AR,AR-CBA-01,CUST-0005748,Constructora del Pacífico,MACHINE,DRL-D45KS,12,753059.29,False,False,True
,2025-10-25,PE,PE-ARE-01,CUST-0006611,StoneWorks LLC,PARTS,PART-HYD-07,1,8383.21,False,False,True
,2025-12-20,AR,AR-BUE-01,CUST-0009627,Rock & Drill Inc.,SERVICE,SV-MAINT-03,16,233.51,False,False,True
,2026-01-04,MX,MX-MTY-01,CUST-0004434,Obras Sierra,PARTS,PART-BRK-11,3,12491.66,False,False,True
,2025-09-28,US,US-MIA-01,CUST-0001886,Delta Obras,PARTS,PART-HYD-07,2,18168.62,False,False,True
,2025-03-20,AR,AR-CBA-01,CUST-0008168,Rock & Drill Inc.,MACHINE,EXC-320D,3,495137.88,False,False,True
,2025-11-05,AR,AR-CBA-01,CUST-0009566,"""Grupo, Cantera SA""",MACHINE,WHL-950H,9,120379.57,False,False,True
,2025-04-03,CL,CL-SCL-01,CUST-0005714,StoneWorks LLC,SERVICE,SV-MAINT-03,-3,114.78,False,False,True
INV-MX-2026-FORCE-00012,2025-11-14,MX,MX-MTY-01,CUST-0003394,"ACME ""Constructora del Pacífico""",MACHINE,WHL-950H,7,164148.32,False,False,True
,2025-12-22,CO,CO-MED-01,CUST-0004844,Andes Mining SpA,SERVICE,SV-TRAIN-01,0.75,214.17,False,False,True
,2025-04-11,AR,AR-BUE-01,CUST-0005783,Canteras Oriente,MACHINE,WHL-950H,1,685535.0,False,False,True
,2026-04-27,CO,CO-BOG-01,CUST-0009936,Minería del Sur,MACHINE,DRL-D45KS,11,131877.98,False,False,True
,2025-11-03,MX,MX-MTY-01,CUST-0001830,Rock & Drill Inc.,SERVICE,SV-ONSITE-08,8,106.96,False,False,True
,2025-05-31,AR,AR-CBA-01,CUST-0009056,StoneWorks LLC,SERVICE,SV-ONSITE-08,0.75,92.27,False,False,True
,2025-08-24,PE,PE-LIM-02,CUST-0008137,Rock & Drill Inc.,PARTS,PART-HYD-07,5,465.03,False,False,True
,2025-01-25,CL,CL-ANT-01,CUST-0007706,Grupo Cantera SA,SERVICE,SV-MAINT-03,6,98.71,False,False,True
,2025-06-22,CL,CL-SCL-01,CUST-0009672,Minería del Sur,MACHINE,DRL-D45KS,10,"429,962.81",False,False,True
,2025-11-30,CO,CO-MED-01,CUST-0004834,Minería del Sur,MACHINE,EXC-320D,15,268639.57,False,False,True
INV-US-2026-FORCE-00004,2026-01-16,US,US-HOU-01,CUST-0004632,Minería del Sur,MACHINE,WHL-950H,1O,287027.28,False,False,True
INV-AR-2026-FORCE-00015,2025-01-27,AR,AR-CBA-01,CUST-0002862,Obras​ Sierra,MACHINE,DRL-D45KS,8,715910.93,False,False,True
,2026-02-24,US,US-HOU-01,CUST-0006623,"Constructora, del Pacífico",SERVICE,SV-MAINT-03,8,33.13,False,False,True
,10/07/25,AR,AR-BUE-01,CUST-0005180,Constructora del Pacífico,PARTS,PART-HYD-07,8,13525.19,True,False,True
,2026-02-05,PE,PE-LIM-02,CUST-0006523,Canteras Oriente,PARTS,PART-ENG-99,4,5416.89,False,False,True
,2025-07-18,PE,PE-LIM-02,CUST-0001264,Delta Obras,SERVICE,SV-TRAIN-01,16,167.19,False,False,True
,2025-06-17,PE,PE-ARE-01,CUST-0008285,Roc﻿k & Drill Inc.,MACHINE,BLD-D6R,6,36708.92,False,False,True
,2026-03-26,US,US-MIA-01,CUST-0004044,Servicios Andinos,SERVICE,SV-ONSITE-08,0,214.98,False,False,True
,2025-04-05,US,US-MIA-01,CUST-0007594,Minería del Sur,PARTS,PART-FLT-02,1,263.17,False,False,True
,2025-07-26,CO,CO-BOG-01,CUST-0003137,StoneWorks LLC,SERVICE,SV-INSPECT-02,0.75,228.9,False,False,True
,2025-04-12,CL,CL-SCL-01,CUST-0001302,Minera Norte SpA,MACHINE,DRL-D45KS,4,731145.52,False,False,True
,2026-04-07,AR,AR-BUE-01,CUST-0001112,Andes Mining SpA,PARTS,PART-HYD-07,5,19024.96,False,False,True
,2026-02-08,AR,AR-CBA-01,CUST-0007481,Grupo Cantera SA,MACHINE,EXC-320D,6,699266.46,False,False,True
INV-MX-2026-FORCE-00007,2025-06-10,MX,MX-MEX-01,CUST-0006206,Grupo Cantera SA,SERVICE,SV-MAINT-03,-3,9999999,False,False,True
INV-CL-2026-FORCE-00005,2025-06-07,CL,CL-ANT-01,CUST-0001750,Cante ras Oriente,PARTS,PART-FLT-02,14,17829.28,False,False,True
INV-CO-2026-FORCE-00014,2025-12-19,CO,CO-BOG-01,CUST-0004310,Obras Sierra,SERVICE,SV-MAINT-03,O.75,84.12,False,False,True
,2025-08-25,MX,MX-MEX-01,CUST-0002594,"Constructora, del Pacífico",SERVICE,SV-INSPECT-02,6,245.14,False,False,True
,2025-12-17,AR,AR-BUE-01,CUST-0009207,	Canteras Oriente,PARTS,PART-ENG-99,5,17412.75,False,False,True
,2025-09-26,CO,CO-BOG-01,CUST-0006331,Rock & Drill Inc.,SERVICE,SV-TRAIN-01,4,246.04,False,False,True
,2025-07-26,MX,MX-MEX-01,CUST-0009086,Delta Obras,SERVICE,SV-MAINT-03,6,242.31,False,False,True
,2025-10-16,CL,CL-ANT-01,CUST-0002833,Delta Obras,MACHINE,EXC-320D,12,722016.29,False,False,True
,2025-04-26,AR,AR-BUE-01,CUST-0003551,Canteras Oriente,PARTS,PART-FLT-02,5,4588.74,False,False,True
INV-CL-2026-FORCE-00006,18/02/25,CL,CL-SCL-01,CUST-0004430,Canteras Oriente,SERVICE,SV-TRAIN-01,2,182.29,True,False,True
,2025-08-08,CL,CL-SCL-01,CUST-0004646,Rock & Drill Inc.,MACHINE,EXC-320D,11,314408.7,False,False,True
INV-US-2026-FORCE-00014,2025-01-15,US,US-MIA-01,CUST-0004878,Delta Obras,SERVICE,SV-ONSITE-08,24,15%,False,False,True
,2025-04-08,PE,PE-ARE-01,CUST-0003825,Minería del Sur,PARTS,PART-BRK-11,6,848.39,False,False,True
INV-US-2026-FORCE-00003,2025-08-08,US,US-HOU-01,CUST-0005367,Canteras Oriente,MACHINE,WHL-950H,1,"398.220,46",False,False,True
INV-CO-2026-FORCE-00015,05-07-2026,CO,CO-MED-01,CUST-0006220,Canteras Oriente,MACHINE,EXC-320D,12,143258.05,True,False,True
,2025-10-25,CO,CO-MED-01,CUST-0002221,Rock & Drill Inc.,MACHINE,EXC-320D,14,28801.55,False,False,True
INV-AR-2026-FORCE-00006,2025-08-22,AR,AR-BUE-01,CUST-0009104,Rock & Drill Inc.	,SERVICE,SV-ONSITE-08,0.5,207.1,False,False,True
,2025-02-22,AR,AR-CBA-01,CUST-0004629,Minería del Sur,PARTS,PART-FLT-02,8,3079.74,False,False,True
,2025-12-13,CO,CO-MED-01,CUST-0004481,Delta Obras,MACHINE,WHL-950H,1,193025.81,False,False,True
,2026-03-15,CO,CO-BOG-01,CUST-0001795,Andes Mining SpA,MACHINE,EXC-320D,0,867040.02,False,False,True
INV-AR-2026-FORCE-00013,2026-01-26,AR,AR-CBA-01,CUST-0003360,Minera Norte S﻿pA,SERVICE,SV-INSPECT-02,40,82.08,False,False,True
INV-PE-2026-FORCE-00009,2026-13-40,PE,PE-ARE-01,CUST-0004040,Constructora del Pacífico,PARTS,PART-FLT-02,5,3344.22,True,False,True
,2025-06-02,US,US-MIA-01,CUST-0002627,Obras Sierra,PARTS,PART-FLT-02,9,14153.77,False,False,True
,2026-03-24,CO,CO-BOG-01,CUST-0001573,StoneWorks LLC,MACHINE,WHL-950H,8,865357.66,False,False,True
INV-US-2026-FORCE-00010,2025-12-22,US,US-MIA-01,CUST-0005068,"StoneWorks, LLC",MACHINE,EXC-320D,1O,644857.2,False,False,True
,2025-10-04,CO,CO-MED-01,CUST-0008842,Andes Mining SpA,SERVICE,SV-MAINT-03,0.5,131.57,False,False,True
INV-CL-2026-FORCE-00008,2025-09-03,CL,CL-ANT-01,CUST-0009613,Delta Obras,PARTS,PART-FLT-02,10,"8.198,31",False,False,True
,2025-04-04,CO,CO-BOG-01,CUST-0005128,Obras Sierra,PARTS,PART-ENG-99,2,16213.63,False,False,True
,2025-11-16,PE,PE-ARE-01,CUST-0002431,Grupo Cantera SA,PARTS,PART-BRK-11,12,14233.64,False,False,True
,2026-03-24,AR,AR-BUE-01,CUST-0001994,"Grupo, Cantera SA",MACHINE,EXC-320D,15,185302.16,False,False,True
,2025-12-24,US,US-HOU-01,CUST-0006663,Grupo Cantera SA,SERVICE,SV-INSPECT-02,1,36.79,False,False,True
,2026-04-18,CO,CO-BOG-01,CUST-0001376,Rock & Drill Inc.,MACHINE,EXC-320D,14,839269.95,False,False,True
,2025-04-05,MX,MX-MEX-01,CUST-0003852,"Delta, Obras",SERVICE,SV-INSPECT-02,0.75,194.36,False,False,True
,2025-07-04,MX,MX-MTY-01,CUST-0006660,"Rock, & Drill Inc.",MACHINE,EXC-320D,1,79751.8,False,False,True
INV-US-2026-FORCE-00011,2025-08-19,US,US-MIA-01,CUST-0006984,StoneWorks LLC,PARTS,PART-HYD-07,-3,9999999,False,False,True
,2026-03-04,AR,AR-BUE-01,CUST-0004419,Canteras Oriente,MACHINE,DRL-D45KS,15,542948.22,False,False,True
,2025-04-29,CO,CO-BOG-01,CUST-0007257,StoneWorks LLC,MACHINE,BLD-D6R,1,391844.11,False,False,True
,2026-02-22,CO,CO-BOG-01,CUST-0006574,West Quarry Co.,SERVICE,SV-TRAIN-01,6,177.32,False,False,True
,2025-06-11,US,US-HOU-01,CUST-0003139,Delta Obras,MACHINE,WHL-950H,11,212698.58,False,False,True
INV-CO-2026-FORCE-00014,2026-01-10,CO,CO-MED-01,CUST-0005603,"ACME ""West Quarry Co.""",SERVICE,SV-ONSITE-08,0.75,198.0,False,False,True
,2025-05-22,MX,MX-MTY-01,CUST-0001378,Grupo Cantera SA,PARTS,PART-FLT-02,15,3645.47,False,False,True
,2026-05-10,AR,AR-CBA-01,CUST-0007158,Servicios Andinos,MACHINE,DRL-D45KS,9,503223.83,False,False,True
,2025-01-11,MX,MX-MEX-01,CUST-0008433,Canteras Oriente,SERVICE,SV-ONSITE-08,0.5,"104,72",False,False,True
,2025-10-01,CO,CO-MED-01,CUST-0008590,Minera Norte SpA,SERVICE,SV-ONSITE-08,1O0.50,130.09,False,False,True
,2026-04-12,AR,AR-BUE-01,CUST-0006885,"Minera, Norte SpA",SERVICE,SV-ONSITE-08,40,98.12,False,False,True
,2025-03-04,CL,CL-ANT-01,CUST-0002311,Servicios Andinos,PARTS,PART-FLT-02,1O,763.78,False,False,True
,2025-07-13,US,US-HOU-01,CUST-0005515,Delta Obras,MACHINE,BLD-D6R,11,814079.49,False,False,True
,2026-04-05,US,US-HOU-01,CUST-0002230,"West, Quarry Co.",PARTS,PART-FLT-02,1,2181.75,False,False,True
,2025-10-20,US,US-MIA-01,CUST-0006795,Grupo Cantera SA,PARTS,PART-FLT-02,12,7504.8,False,False,True
,2025-05-03,CL,CL-ANT-01,CUST-0006662,Delta Obras,MACHINE,WHL-950H,13,450988.14,False,False,True
,2025-07-05,PE,PE-ARE-01,CUST-0008238,StoneWorks LLC,SERVICE,SV-INSPECT-02,3,170.12,False,False,True
,2026-05-03,CO,CO-MED-01,CUST-0009329,Rock & Drill Inc.,PARTS,PART-HYD-07,6,15779.83,False,False,True
,2025-02-10,CL,CL-ANT-01,CUST-0008893,Grupo Cantera SA,SERVICE,SV-TRAIN-01,3,34.46,False,False,True
,2026-03-03,CO,CO-MED-01,CUST-0001531,Andes Mining SpA,PARTS,PART-FLT-02,2,12678.12,False,False,True
,2025-02-08,US,US-HOU-01,CUST-0006647,Constructora del Pacífico,SERVICE,SV-INSPECT-02,0.75,30.15,False,False,True
INV-CL-2026-FORCE-00005,2025-06-22,CL,CL-ANT-01,CUST-0009285,Obras Sierra,PARTS,PART-FLT-02,-3,9999999,False,False,True
,2026-04-17,AR,AR-CBA-01,CUST-0007470,StoneWorks LLC,PARTS,PART-HYD-07,5,11979.93,False,False,True
,2025-03-08,AR,AR-CBA-01,CUST-0005866,West Quarry Co.,MACHINE,EXC-320D,12,672746.15,False,False,True
INV-CO-2026-FORCE-00000,2025-08-07,CO,CO-BOG-01,CUST-0005283,Andes Mining SpA,SERVICE,SV-MAINT-03,O.75,245.55,False,False,True
INV-AR-2026-FORCE-00015,2026-02-05,AR,AR-CBA-01,CUST-0006458,Grupo Cantera SA,PARTS,PART-BRK-11,1O,15653.32,False,False,True
,2025-09-25,AR,AR-BUE-01,CUST-0007327,"Canteras, Oriente",PARTS,PART-FLT-02,13,-,True,False,True
,2025-06-30,CL,CL-SCL-01,CUST-0005712,Andes Mining SpA,MACHINE,DRL-D45KS,11,359179.05,False,False,True
,2025-10-27,US,US-MIA-01,CUST-0006363,Andes Mining SpA,PARTS,PART-FLT-02,5,8706.0,False,False,True
,2025-01-26,MX,MX-MTY-01,CUST-0008823,Obras Sierra,PARTS,PART-BRK-11,15,15234.41,False,False,True
,2025-05-19,MX,MX-MTY-01,CUST-0001892,Minera Norte SpA,SERVICE,SV-TRAIN-01,1,214.21,False,False,True
,2026-03-10,AR,AR-CBA-01,CUST-0008107,Grupo Cantera SA,MACHINE,BLD-D6R,15,82484.31,False,False,True
,2026-01-17,MX,MX-MTY-01,CUST-0004529,Canteras Oriente,SERVICE,SV-ONSITE-08,0.75,159.36,False,False,True
,2025-03-07,PE,PE-LIM-02,CUST-0008924,Obras Sierra,MACHINE,WHL-950H,10,330758.91,False,False,True
INV-US-2026-FORCE-00006,2025-08-18,US,US-MIA-01,CUST-0006984,Rock & Drill Inc.,SERVICE,SV-ONSITE-08,O.75,130.31,False,False,True
,2025-01-05,MX,MX-MEX-01,CUST-0002916,Minería del Sur,MACHINE,DRL-D45KS,9,441801.34,False,False,True
,2025-10-17,AR,AR-CBA-01,CUST-0002724,Minera Norte SpA,PARTS,PART-HYD-07,9,19345.71,False,False,True
INV-CL-2026-FORCE-00000,2026-02-14,CL,CL-SCL-01,CUST-0003820,Rock & Drill Inc.,SERVICE,SV-ONSITE-08,6,8h,False,False,True
,2025-10-17,US,US-HOU-01,CUST-0004948,Delta Obras,PARTS,PART-FLT-02,0,16050.58,False,False,True
,2025-02-19,PE,PE-ARE-01,CUST-0009828,Delta Obras,MACHINE,EXC-320D,9,492400.3,False,False,True
,2025-11-26,US,US-MIA-01,CUST-0009248,Servicios Andinos,SERVICE,SV-ONSITE-08,8,139.07,False,False,True
,2025-09-02,CL,CL-ANT-01,CUST-0003948,"Canteras, Oriente",MACHINE,DRL-D45KS,5,669988.09,False,False,True
,2025-12-04,US,US-MIA-01,CUST-0006661,Grupo Cantera SA,SERVICE,SV-ONSITE-08,0.5,80.42,False,False,True
,2026-04-19,US,US-HOU-01,CUST-0004168,Rock & Drill Inc.,SERVICE,SV-INSPECT-02,6,244.16,False,False,True
,2025-03-04,CO,CO-MED-01,CUST-0004021,Minería del Sur,PARTS,PART-HYD-07,4,18001.87,False,False,True
,2025-12-27,CO,CO-MED-01,CUST-0008886,Delta Obras,PARTS,PART-BRK-11,3,18776.0,False,False,True
,2025-03-03,CL,CL-ANT-01,CUST-0006955,Grupo Cantera SA,PARTS,PART-HYD-07,3,4449.95,False,False,True
,2026-03-06,CO,CO-BOG-01,CUST-0007651,Obras Sierra,MACHINE,DRL-D45KS,8,323209.47,False,False,True
,2025-03-25,PE,PE-ARE-01,CUST-0002888,Servicios Andinos,MACHINE,DRL-D45KS,11,810890.72,False,False,True
,2025-01-01,US,US-HOU-01,CUST-0005745,Obras Sierra﻿,PARTS,PART-ENG-99,11,14086.42,False,False,True
,2025-07-30,CO,CO-MED-01,CUST-0005500,Servicios Andinos,MACHINE,WHL-950H,9,358483.15,False,False,True
,2025-09-27,MX,MX-MEX-01,CUST-0005295,Constructora del Pacífico,PARTS,PART-FLT-02,13,1842.32,False,False,True
,2025-12-01,AR,AR-BUE-01,CUST-0005670,Obras Sierra,PARTS,PART-ENG-99,14,5237.97,False,False,True
,2025-08-12,MX,MX-MTY-01,CUST-0006779,"Canteras, Oriente",MACHINE,DRL-D45KS,11,785344.65,False,False,True
,2025-03-22,CL,CL-ANT-01,CUST-0009711,"Andes, Mining SpA",MACHINE,BLD-D6R,12,592808.2,False,False,True
,2025-07-14,PE,PE-ARE-01,CUST-0002979,Canteras Oriente,PARTS,PART-HYD-07,9,11570.2,False,False,True
,2025-08-25,PE,PE-LIM-02,CUST-0006253,Constructora del Pacífico,PARTS,PART-BRK-11,11,14884.76,False,False,True
,2025-07-10,AR,AR-CBA-01,CUST-0005895,StoneWorks LLC,SERVICE,SV-ONSITE-08,4,106.21,False,False,True
,2025-09-19,AR,AR-CBA-01,CUST-0003740,Constructora del Pacífico,SERVICE,SV-INSPECT-02,6,63.29,False,False,True
,2025-09-14,CL,CL-ANT-01,CUST-0001366,Rock & Drill Inc.,PARTS,PART-BRK-11,12,5027.44,False,False,True
,2026-04-24,MX,MX-MTY-01,CUST-0006441,Rock & Drill Inc.,PARTS,PART-BRK-11,8,14707.48,False,False,True
,2025-09-05,MX,MX-MEX-01,CUST-0007166,Andes Mining SpA,MACHINE,BLD-D6R,8,229173.47,False,False,True
,2025-08-18,AR,AR-BUE-01,CUST-0006734,StoneWorks LLC,MACHINE,BLD-D6R,15,240767.95,False,False,True
,2025-12-27,AR,AR-CBA-01,CUST-0004896,Andes Mining SpA,MACHINE,BLD-D6R,5,264389.07,False,False,True
,2025-02-28,PE,PE-LIM-02,CUST-0002462,Servicios Andinos,SERVICE,SV-TRAIN-01,6,157.07,False,False,True
,2025-08-15,US,US-MIA-01,CUST-0001926,StoneWorks LLC,PARTS,PART-BRK-11,1O,15561.75,False,False,True
,2025-11-15,AR,AR-CBA-01,CUST-0009369,Rock & Drill Inc.,SERVICE,SV-MAINT-03,0.5,116.03,False,False,True
,2025-07-21,PE,PE-LIM-02,CUST-0009304,Obras Sierra,SERVICE,SV-INSPECT-02,16,86.2,False,False,True
,2025-02-20,CO,CO-BOG-01,CUST-0001565,Minería del Sur,MACHINE,BLD-D6R,4,439845.59,False,False,True
,2025-09-08,MX,MX-MTY-01,CUST-0006802,Grupo Cantera SA,MACHINE,EXC-320D,7,44644.64,False,False,True
,2025-11-25,MX,MX-MEX-01,CUST-0004663,Canteras Oriente,MACHINE,BLD-D6R,4,707448.56,False,False,True
,2025-07-20,US,US-HOU-01,CUST-0007932,Servicios Andinos,PARTS,PART-HYD-07,9,"3 712,40",False,False,True
,2026-01-08,AR,AR-CBA-01,CUST-0006477,Delta Obras,MACHINE,BLD-D6R,13,218097.72,False,False,True
INV-CL-2026-FORCE-00018,2025-01-29,CL,CL-SCL-01,CUST-0003146,Minera Norte SpA,MACHINE,BLD-D6R,-3,9999999,False,False,True
,2025-10-11,AR,AR-CBA-01,CUST-0006872,Minera Norte SpA,SERVICE,SV-MAINT-03,2,211.69,False,False,True
INV-CL-2026-FORCE-00008,2025-11-15,CL,CL-ANT-01,CUST-0009280,Servicios Andinos,SERVICE,SV-TRAIN-01,16,8h,False,False,True
,2025-10-03,AR,AR-CBA-01,CUST-0002610,"Minería, del Sur",PARTS,PART-ENG-99,7,16759.59,False,False,True
,2026-04-12,AR,AR-CBA-01,CUST-0006519,StoneWorks LLC,MACHINE,DRL-D45KS,8,897731.91,False,False,True
,2025-09-23,PE,PE-ARE-01,CUST-0007155,"StoneWorks, LLC",PARTS,PART-ENG-99,9,"9,278.15",False,False,True
,2025-05-28,MX,MX-MEX-01,CUST-0003153,Canteras Oriente,SERVICE,SV-MAINT-03,1,189.93,False,False,True
,2026-04-02,US,US-MIA-01,CUST-0006751,Grupo Cantera SA,PARTS,PART-BRK-11,7,14281.61,False,False,True
,2026-05-10,MX,MX-MEX-01,CUST-0009276,"Delta, Obras",SERVICE,SV-INSPECT-02,8,54.39,False,False,True
,05-05-2025,AR,AR-CBA-01,CUST-0004931,Andes Mining SpA,SERVICE,SV-ONSITE-08,6,237.85,True,False,True
,2026-02-06,CL,CL-SCL-01,CUST-0005837,West Quarry Co.,MACHINE,DRL-D45KS,11,828487.98,False,False,True
,2025-07-01,CO,CO-MED-01,CUST-0003038,Constructora del Pacífico,PARTS,PART-BRK-11,10,10590.45,False,False,True
,2025-01-06,CO,CO-BOG-01,CUST-0008273,Minera Norte SpA,PARTS,PART-ENG-99,12,-2500,False,False,True
INV-PE-2026-FORCE-00002,11/01/26,PE,PE-LIM-02,CUST-0007147,StoneWorks LLC,PARTS,PART-HYD-07,3,6375.01,True,False,True
,2025-01-25,CL,CL-SCL-01,CUST-0001757,"""Delta Obras""",MACHINE,WHL-950H,9,28583.29,False,False,True
,2026-01-07,PE,PE-LIM-02,CUST-0005111,Delta Obras,MACHINE,BLD-D6R,8,721429.64,False,False,True
,2025-11-27,PE,PE-ARE-01,CUST-0006871,Constructora del Pacífico,MACHINE,DRL-D45KS,8,760642.37,False,False,True
INV-MX-2026-FORCE-00012,2025-10-22,MX,MX-MTY-01,CUST-0004488,"Minería, del Sur",MACHINE,WHL-950H,9,"328.931,24",False,False,True
INV-MX-2026-FORCE-00009,2025-01-14,MX,MX-MEX-01,CUST-0004540,"ACME ""Constructora del Pacífico""",PARTS,PART-BRK-11,12,18997.03,False,False,True
INV-PE-2026-FORCE-00015,2026-03-07,PE,PE-LIM-02,CUST-0005372,Canteras Oriente,SERVICE,SV-INSPECT-02,4,12kg,False,False,True
,2026-03-30,CL,CL-ANT-01,CUST-0001498,Rock & Drill Inc.,MACHINE,DRL-D45KS,6,886137.38,False,False,True
,2025-04-08,CL,CL-SCL-01,CUST-0005595,Constructora del Pacífico,PARTS,PART-FLT-02,13,3222.7,False,False,True
,2025-01-28,US,US-MIA-01,CUST-0009222,Rock & Drill Inc.,SERVICE,SV-TRAIN-01,12,187.71,False,False,True
,2026-01-29,PE,PE-LIM-02,CUST-0007317,Obras Sierra,SERVICE,SV-INSPECT-02,6,220.36,False,False,True
INV-AR-2026-FORCE-00017,2025-07-23,AR,AR-BUE-01,CUST-0004475,West Quarry Co.,MACHINE,EXC-320D,15,"811 260,59",False,False,True
,2025-07-19,US,US-HOU-01,CUST-0003853,Delta Obras,PARTS,PART-ENG-99,2,17952.09,False,False,True
INV-AR-2026-FORCE-00011,2025-12-24,AR,AR-BUE-01,CUST-0003606,Rock & Drill Inc.﻿,SERVICE,SV-INSPECT-02,24,100.77,False,False,True
,2025-05-02,US,US-HOU-01,CUST-0007337,Rock & Drill Inc.,MACHINE,EXC-320D,15,257187.23,False,False,True
,2025-09-10,CO,CO-BOG-01,CUST-0005097,Andes Mining SpA,MACHINE,EXC-320D,7,753432.86,False,False,True
,2026-02-28,CL,CL-SCL-01,CUST-0008954,Rock & Drill Inc.,MACHINE,EXC-320D,8,231880.52,False,False,True
,05-06-2026,AR,AR-BUE-01,CUST-0003531,Delta Obras,PARTS,PART-HYD-07,11,19895.29,True,False,True
,2026-03-24,CO,CO-BOG-01,CUST-0008344,Delta Obras,PARTS,PART-FLT-02,4,9171.2,False,False,True
,2025-04-25,PE,PE-ARE-01,CUST-0008229,StoneWorks LLC,SERVICE,SV-INSPECT-02,16,36.21,False,False,True
,2025-12-02,CO,CO-BOG-01,CUST-0003444,Minera Norte S﻿pA,SERVICE,SV-ONSITE-08,0.5,77.25,False,False,True
,2025-09-19,PE,PE-LIM-02,CUST-0002681,Andes Mining SpA,PARTS,PART-HYD-07,6,3465.57,False,False,True
,2026-02-07,CL,CL-SCL-01,CUST-0008844,Grupo Cantera SA,PARTS,PART-BRK-11,13,4434.22,False,False,True
,2025-10-09,AR,AR-CBA-01,CUST-0002475,Minera Norte SpA,PARTS,PART-HYD-07,10,9523.31,False,False,True
,2026-02-03,AR,AR-BUE-01,CUST-0001849,Andes Mining SpA,SERVICE,SV-ONSITE-08,4,66.95,False,False,True
,2025-08-26,US,US-MIA-01,CUST-0005766,Delta Obras,SERVICE,SV-INSPECT-02,0.5,42.06,False,False,True
,2026-03-18,AR,AR-BUE-01,CUST-0009142,Obras Sierra,MACHINE,DRL-D45KS,8,687173.26,False,False,True
,2025-10-04,AR,AR-CBA-01,CUST-0007424,Obras Sierra,MACHINE,WHL-950H,2,29287.14,False,False,True
,2025-03-04,CO,CO-BOG-01,CUST-0001303,Canteras Oriente,MACHINE,WHL-950H,9,258112.81,False,False,True
,2025-10-26,MX,MX-MEX-01,CUST-0009951,Minera Norte SpA,SERVICE,SV-ONSITE-08,0.5,106.86,False,False,True
,2026-04-27,US,US-MIA-01,CUST-0007407,Obras Sierra,SERVICE,SV-ONSITE-08,0.75,173.05,False,False,True
,2025-09-11,MX,MX-MTY-01,CUST-0006452,Constructora del Pacífico,SERVICE,SV-INSPECT-02,6,190.89,False,False,True
,2026-02-19,AR,AR-BUE-01,CUST-0005234,Andes Mining SpA,SERVICE,SV-TRAIN-01,6,213.55,False,False,True
,2025-04-05,AR,AR-BUE-01,CUST-0001441,Obras Sierra,SERVICE,SV-TRAIN-01,16,73.08,False,False,True
,2025-11-05,AR,AR-BUE-01,CUST-0002884,Rock & Drill Inc.,MACHINE,EXC-320D,9,"872,703.34",False,False,True
,25/01/26,MX,MX-MEX-01,CUST-0006208,Andes Mining SpA,SERVICE,SV-INSPECT-02,12,227.78,True,False,True
,2025-11-29,MX,MX-MTY-01,CUST-0005039,Servicios Andinos,PARTS,PART-BRK-11,8,1205.12,False,False,True
,2025-01-03,AR,AR-BUE-01,CUST-0004786,Minera Norte SpA,SERVICE,SV-MAINT-03,24,112.02,False,False,True
,2026-01-03,AR,AR-BUE-01,CUST-0002820,Grupo Cantera SA,SERVICE,SV-ONSITE-08,6,186.62,False,False,True
,2025-03-28,MX,MX-MTY-01,CUST-0003692,"Minera, Norte SpA",SERVICE,SV-INSPECT-02,8,"204,60",False,False,True
,2026-05-12,PE,PE-LIM-02,CUST-0005983,Minería del Sur,MACHINE,WHL-950H,3,317527.53,False,False,True
,2025-06-08,AR,AR-CBA-01,CUST-0001099,Minera Norte SpA,PARTS,PART-BRK-11,3,2312.63,False,False,True
,2025-04-21,PE,PE-LIM-02,CUST-0001451,Minera Norte SpA,MACHINE,DRL-D45KS,15,513969.54,False,False,True
,2025-07-02,US,US-MIA-01,CUST-0007114,StoneWorks LLC,MACHINE,DRL-D45KS,14,101192.22,False,False,True
,2025-12-19,CO,CO-BOG-01,CUST-0001844,Servicios Andinos,PARTS,PART-ENG-99,7,19783.35,False,False,True
,2025-02-23,MX,MX-MTY-01,CUST-0007047,Delta Obras,SERVICE,SV-ONSITE-08,0.75,163.86,False,False,True
,2025-06-11,CL,CL-SCL-01,CUST-0007321,Obras Sierra,MACHINE,WHL-950H,9,172436.11,False,False,True
,2025-01-07,AR,AR-CBA-01,CUST-0003232,Canteras Oriente,PARTS,PART-BRK-11,9,19743.33,False,False,True
INV-PE-2026-FORCE-00015,2025-06-30,PE,PE-LIM-02,CUST-0001037,"ACME ""Andes Mining SpA""",MACHINE,EXC-320D,2,292729.17,False,False,True
,2025-12-18,US,US-MIA-01,CUST-0002763,Constructora del Pacífico,MACHINE,EXC-320D,12,133272.31,False,False,True
,2025-01-12,US,US-MIA-01,CUST-0006814,Grupo Cantera SA,MACHINE,WHL-950H,7,719038.99,False,False,True
,2025-08-27,AR,AR-CBA-01,CUST-0005044,Obras Sierra,PARTS,PART-BRK-11,9,6115.88,False,False,True
,2026-01-11,AR,AR-CBA-01,CUST-0007948,Minería del Sur,MACHINE,WHL-950H,6,538919.17,False,False,True
,2025-07-17,AR,AR-CBA-01,CUST-0001218,Constructora del Pacífico,PARTS,PART-BRK-11,7,13655.84,False,False,True
,2025-08-18,MX,MX-MEX-01,CUST-0005292,"Andes, Mining SpA",SERVICE,SV-TRAIN-01,40,176.86,False,False,True
,2025-08-14,PE,PE-LIM-02,CUST-0007657,Constructora del Pacífico,PARTS,PART-FLT-02,14,298.79,False,False,True
,2025-05-14,AR,AR-CBA-01,CUST-0007039,West Quarry Co.,SERVICE,SV-TRAIN-01,0.5,52.06,False,False,True
INV-PE-2026-FORCE-00017,2025-10-14,PE,PE-ARE-01,CUST-0006106,Constructora del PacÃ­fico,MACHINE,DRL-D45KS,15,118020.94,False,False,True
,2025-05-08,CO,CO-BOG-01,CUST-0001198,StoneWorks LLC,SERVICE,SV-TRAIN-01,6,136.48,False,False,True
,2025-08-31,US,US-MIA-01,CUST-0003677,Delta Obras,MACHINE,BLD-D6R,5,820716.93,False,False,True
,2026-03-23,CL,CL-ANT-01,CUST-0001567,Constructora del Pacífico,SERVICE,SV-INSPECT-02,16,245.71,False,False,True
,2025-01-03,MX,MX-MTY-01,CUST-0005607,Grupo Cantera SA,MACHINE,EXC-320D,6,397615.4,False,False,True
,2025-05-19,MX,MX-MTY-01,CUST-0002131,StoneWorks LLC,MACHINE,EXC-320D,14,776977.75,False,False,True
,2026-02-19,PE,PE-ARE-01,CUST-0004210,Constructora del Pacífico,SERVICE,SV-MAINT-03,1,124.16,False,False,True
INV-MX-2026-FORCE-00014,2026-01-17,MX,MX-MTY-01,CUST-0007771,"Obras, Sierra",PARTS,PART-FLT-02,-3,9999999,False,False,True
,2025-10-11,US,US-HOU-01,CUST-0005494,Rock & Drill Inc.,SERVICE,SV-INSPECT-02,8,69.19,False,False,True
,2025-03-11,PE,PE-ARE-01,CUST-0005527,"StoneWorks, LLC",SERVICE,SV-TRAIN-01,2,115.23,False,False,True
,2025-01-11,CL,CL-ANT-01,CUST-0009052,West Quarry Co.,PARTS,PART-FLT-02,2,17868.19,False,False,True
,2025-06-27,PE,PE-LIM-02,CUST-0004926,Obras Sierra,MACHINE,WHL-950H,15,839681.67,False,False,True
,2025-11-13,PE,PE-LIM-02,CUST-0002329,Andes Mining SpA,PARTS,PART-BRK-11,2,18529.55,False,False,True
,2026-03-31,CL,CL-SCL-01,CUST-0009242,Rock & Drill Inc.,SERVICE,SV-INSPECT-02,0.5,148.78,False,False,True
,2025-01-20,PE,PE-ARE-01,CUST-0008814,Servicios Andinos,MACHINE,DRL-D45KS,10,,True,False,True
,2025-09-26,CL,CL-SCL-01,CUST-0008100,Obras Sierra,SERVICE,SV-TRAIN-01,1,58.2,False,False,True
,2026-05-06,PE,PE-LIM-02,CUST-0005333,Minera Norte SpA,SERVICE,SV-MAINT-03,1,144.73,False,False,True
,2025-12-19,MX,MX-MTY-01,CUST-0006053,StoneWorks LLC,SERVICE,SV-MAINT-03,24,238.22,False,False,True
,2025-05-08,PE,PE-LIM-02,CUST-0008162,StoneWorks LLC,SERVICE,SV-INSPECT-02,2,191.36,False,False,True
INV-CO-2026-FORCE-00014,2025-08-30,CO,CO-BOG-01,CUST-0005874,Minera Norte SpA,PARTS,PART-BRK-11,9,17196.6,False,False,True
,2025-04-29,US,US-HOU-01,CUST-0002491,West Quarry Co.,MACHINE,BLD-D6R,5,393075.83,False,False,True
,2025-04-09,AR,AR-BUE-01,CUST-0005232,Canteras Oriente,MACHINE,EXC-320D,15,214030.7,False,False,True
,2025-04-24,CO,CO-BOG-01,CUST-0005018,Grupo Cantera SA,SERVICE,SV-ONSITE-08,0.5,78.69,False,False,True
,2025-07-16,US,US-HOU-01,CUST-0009939,Minería del Sur,SERVICE,SV-TRAIN-01,0.75,87.18,False,False,True
INV-US-2026-FORCE-00011,2026-05-14,US,US-MIA-01,CUST-0002486,Obras Sierra,SERVICE,SV-MAINT-03,8,"71,83",False,False,True
,2025-12-04,MX,MX-MTY-01,CUST-0009248,Canteras Oriente,SERVICE,SV-TRAIN-01,1,126.64,False,False,True
,2026-01-27,PE,PE-LIM-02,CUST-0001054,StoneWorks LLC,PARTS,PART-FLT-02,14,14014.21,False,False,True
,2025-12-21,PE,PE-LIM-02,CUST-0003164,Grupo Cantera SA,SERVICE,SV-MAINT-03,1,67.88,False,False,True
,2025-09-01,CO,CO-MED-01,CUST-0005602,Minera Norte SpA,MACHINE,DRL-D45KS,6,411348.62,False,False,True
,2025-09-14,AR,AR-CBA-01,CUST-0001022,Minera Norte SpA,PARTS,PART-HYD-07,2,18705.47,False,False,True
,2025-07-20,US,US-HOU-01,CUST-0007213,Minera Norte SpA,SERVICE,SV-MAINT-03,0.5,68.42,False,False,True
,2025-06-25,PE,PE-LIM-02,CUST-0002915,Minería del Sur,MACHINE,DRL-D45KS,2,349586.67,False,False,True
,2025-10-15,CO,CO-BOG-01,CUST-0009823,Andes Mining SpA,PARTS,PART-ENG-99,8,5691.38,False,False,True
,2025-07-19,CO,CO-BOG-01,CUST-0002906,Servicios Andinos,MACHINE,EXC-320D,2,113870.12,False,False,True
,2025-09-25,AR,AR-BUE-01,CUST-0007415,Canteras Oriente,MACHINE,DRL-D45KS,11,531510.59,False,False,True
,2025-12-05,PE,PE-ARE-01,CUST-0006692,Constructora del Pacífico,PARTS,PART-HYD-07,14,7008.52,False,False,True
,2026-03-06,AR,AR-BUE-01,CUST-0001671,StoneWorks LLC,PARTS,PART-ENG-99,13,17853.19,False,False,True
,2025-08-03,MX,MX-MTY-01,CUST-0007960,Servicios Andinos,SERVICE,SV-TRAIN-01,0.75,125.22,False,False,True
,2025-06-25,AR,AR-CBA-01,CUST-0006095,Grupo Cantera SA,PARTS,PART-FLT-02,3,2089.75,False,False,True
INV-CL-2026-FORCE-00000,2026-05-13,CL,CL-SCL-01,CUST-0008651,Obras Sierra,MACHINE,EXC-320D,-3,9999999,False,False,True
,2025-02-02,AR,AR-BUE-01,CUST-0008981,StoneWorks LLC,MACHINE,WHL-950H,12,767613.04,False,False,True
,2025-09-25,CO,CO-BOG-01,CUST-0002912,Constructora del Pacífico,PARTS,PART-BRK-11,7,"14.739,29",False,False,True
,2025-08-11,AR,AR-CBA-01,CUST-0004524,Andes Mining SpA,MACHINE,EXC-320D,15,225199.71,False,False,True
INV-US-2026-FORCE-00016,2025-04-25,US,US-HOU-01,CUST-0006613,Canteras Oriente,MACHINE,DRL-D45KS,8,"387.309,58",False,False,True
,2025-02-24,US,US-MIA-01,CUST-0009536,Minera Norte SpA,PARTS,PART-ENG-99,9,15848.79,False,False,True
,2025-09-01,CL,CL-ANT-01,CUST-0008828,Servicios Andinos,SERVICE,SV-MAINT-03,0.5,235.76,False,False,True
INV-AR-2026-FORCE-00016,2025-12-10,AR,AR-CBA-01,CUST-0003499,Canteras Orient e,PARTS,PART-HYD-07,11,874.04,False,False,True
,2026-03-06,AR,AR-BUE-01,CUST-0004044,Canteras Oriente,MACHINE,WHL-950H,-,86568.8,True,False,True
,2025-05-31,MX,MX-MEX-01,CUST-0007239,Minería del Sur,PARTS,PART-ENG-99,6,16562.44,False,False,True
,2025-08-10,CO,CO-BOG-01,CUST-0009521,Constructora del Pacífico,SERVICE,SV-ONSITE-08,1O0.50,224.11,False,False,True
,2025-01-08,CL,CL-SCL-01,CUST-0001122,"Minera, Norte SpA",MACHINE,BLD-D6R,10,"129,373.56",False,False,True
INV-CL-2026-FORCE-00008,2025-12-17,CL,CL-SCL-01,CUST-0003376,Servicios Andinos,MACHINE,EXC-320D,-3,9999999,False,False,True
,2025-09-04,CL,CL-SCL-01,CUST-0009941,Servicios Andinos,MACHINE,WHL-950H,5,549836.08,False,False,True
INV-AR-2026-FORCE-00003,2026-02-01,AR,AR-CBA-01,CUST-0009608,M inera Norte SpA,MACHINE,EXC-320D,1,83569.24,False,False,True
INV-AR-2026-FORCE-00003,2025-03-08,AR,AR-CBA-01,CUST-0002736,Constructora del PacÃ­fico,SERVICE,SV-TRAIN-01,4,179.26,False,False,True
,2026-01-13,AR,AR-CBA-01,CUST-0005984,Constructora del Pacífico,MACHINE,BLD-D6R,13,235731.0,False,False,True
,2025-03-21,US,US-HOU-01,CUST-0005245,Minera Norte SpA,PARTS,PART-HYD-07,11,145.91,False,False,True
,2025-03-29,US,US-HOU-01,CUST-0005660,Rock & Drill Inc.,PARTS,PART-BRK-11,15,8861.27,False,False,True
INV-CL-2026-FORCE-00018,2026-02-12,CL,CL-ANT-01,CUST-0006288,Obras Sierra,MACHINE,DRL-D45KS,1O,244933.64,False,False,True
,2025-10-27,CO,CO-BOG-01,CUST-0003940,Grupo Cantera SA,PARTS,PART-BRK-11,15,6293.6,False,False,True
,2025-03-06,MX,MX-MEX-01,CUST-0007814,Minería del Sur,SERVICE,SV-MAINT-03,16,205.31,False,False,True
INV-US-2026-FORCE-00016,2026-01-10,US,US-MIA-01,CUST-0009603,"ACME ""Minera Norte SpA""",SERVICE,SV-INSPECT-02,6,49.94,False,False,True
,2025-06-20,PE,PE-ARE-01,CUST-0008668,Grupo Cantera SA,PARTS,PART-HYD-07,11,13923.21,False,False,True
,2025-01-31,CO,CO-BOG-01,CUST-0005699,StoneWorks LLC,PARTS,PART-ENG-99,10,5009.54,False,False,True
,2026-02-04,AR,AR-CBA-01,CUST-0005663,Servicios Andinos,PARTS,PART-BRK-11,4,1217.23,False,False,True
,2025-04-28,US,US-HOU-01,CUST-0009008,"West, Quarry Co.",PARTS,PART-ENG-99,4,9874.48,False,False,True
,2025-09-01,MX,MX-MEX-01,CUST-0003128,Minería del Sur,MACHINE,BLD-D6R,9,695218.36,False,False,True
,2025-05-04,AR,AR-CBA-01,CUST-0003702,Canteras Oriente,SERVICE,SV-TRAIN-01,12,190.15,False,False,True
,2025-04-28,MX,MX-MTY-01,CUST-0009670,Constructora del Pacífico,MACHINE,BLD-D6R,15,549282.47,False,False,True
,2025-10-25,CL,CL-ANT-01,CUST-0009813,West Quarry Co.,SERVICE,SV-ONSITE-08,1,42.48,False,False,True
INV-CL-2026-FORCE-00008,2025-06-03,CL,CL-ANT-01,CUST-0005098,Constructora del Pacífico,MACHINE,WHL-950H,1O,750446.68,False,False,True
INV-PE-2026-FORCE-00016,2025-02-21,PE,PE-ARE-01,CUST-0003210,Constructora del Pacífico,SERVICE,SV-INSPECT-02,O.75,132.56,False,False,True
,2025-07-31,AR,AR-BUE-01,CUST-0002658,Rock & Drill Inc.,MACHINE,BLD-D6R,4,393495.34,False,False,True
,2026-03-13,CO,CO-BOG-01,CUST-0003113,Constructora del Pacífico,SERVICE,SV-TRAIN-01,4,154.98,False,False,True
,2025-09-20,US,US-MIA-01,CUST-0002757,Delta Obras,SERVICE,SV-MAINT-03,4,227.28,False,False,True
,2025-10-10,AR,AR-BUE-01,CUST-0001733,Servicios Andinos,SERVICE,SV-TRAIN-01,-3,83.51,False,False,True
,2026-02-26,CO,CO-MED-01,CUST-0008508,Andes Mining SpA,PARTS,PART-HYD-07,13,14863.95,False,False,True
,2026-01-06,CO,CO-MED-01,CUST-0009499,West Quarry Co.,PARTS,PART-BRK-11,14,7179.77,False,False,True
,2025-01-14,CO,CO-BOG-01,CUST-0003408,Rock & Drill Inc.,SERVICE,SV-INSPECT-02,12,170.55,False,False,True
,2026-04-16,AR,AR-CBA-01,CUST-0002500,"Minerí​a, del Sur",SERVICE,SV-MAINT-03,24,226.91,False,False,True
